-- phpMyAdmin SQL Dump
-- version 5.2.1
-- https://www.phpmyadmin.net/
--
-- Hôte : db
-- Généré le : dim. 28 jan. 2024 à 17:50
-- Version du serveur : 8.2.0
-- Version de PHP : 8.2.14

SET SQL_MODE = "NO_AUTO_VALUE_ON_ZERO";
START TRANSACTION;
SET time_zone = "+00:00";


/*!40101 SET @OLD_CHARACTER_SET_CLIENT=@@CHARACTER_SET_CLIENT */;
/*!40101 SET @OLD_CHARACTER_SET_RESULTS=@@CHARACTER_SET_RESULTS */;
/*!40101 SET @OLD_COLLATION_CONNECTION=@@COLLATION_CONNECTION */;
/*!40101 SET NAMES utf8mb4 */;

--
-- Base de données : `capteursDB`
--
CREATE DATABASE IF NOT EXISTS `capteursDB` DEFAULT CHARACTER SET utf8mb3 COLLATE utf8mb3_general_ci;
USE `capteursDB`;

-- --------------------------------------------------------

--
-- Structure de la table `Battery`
--

CREATE TABLE `Battery` (
  `deviceId` int NOT NULL,
  `batteryLevel` decimal(10,0) NOT NULL
) ENGINE=InnoDB DEFAULT CHARSET=utf8mb3;

--
-- Déchargement des données de la table `Battery`
--

INSERT INTO `Battery` (`deviceId`, `batteryLevel`) VALUES
(32, 10),
(35, 100),
(31, 11),
(43, 7),
(39, 100),
(21, 91),
(24, 100),
(36, 9),
(44, 62),
(38, 85),
(22, 75),
(27, 9),
(23, 100),
(19, 100),
(14, 100),
(26, 58),
(30, 8),
(37, 9),
(42, 90),
(18, 14),
(15, 38),
(20, 34),
(48, 100),
(51, 100),
(52, 100),
(53, 100),
(33, 10),
(56, 100),
(45, 8),
(57, 100),
(12, 9),
(60, 100),
(54, 100),
(47, 90),
(28, 100),
(55, 100),
(25, 91),
(49, 6),
(50, 10),
(46, 100),
(34, 11),
(58, 100),
(59, 100),
(16, 8),
(29, 10),
(40, 8),
(61, 100),
(13, 100),
(41, 100),
(17, 57);

-- --------------------------------------------------------

--
-- Structure de la table `Device`
--

CREATE TABLE `Device` (
  `id` int NOT NULL,
  `deviceName` varchar(50) NOT NULL,
  `room` varchar(25) CHARACTER SET utf8mb3 COLLATE utf8mb3_general_ci NOT NULL,
  `floor` int NOT NULL,
  `building` char(1) NOT NULL
) ENGINE=InnoDB DEFAULT CHARSET=utf8mb3;

--
-- Déchargement des données de la table `Device`
--

INSERT INTO `Device` (`id`, `deviceName`, `room`, `floor`, `building`) VALUES
(12, 'AM107-43', 'Salle-conseil', 1, 'A'),
(13, 'AM107-16', 'B109', 1, 'B'),
(14, 'AM107-31', 'E101', 1, 'E'),
(15, 'AM107-3', 'B111', 1, 'B'),
(16, 'AM107-42', 'E210', 2, 'E'),
(17, 'AM107-2', 'B110', 1, 'B'),
(18, 'AM107-37', 'E100', 1, 'E'),
(19, 'AM107-30', 'E007', 0, 'E'),
(20, 'AM107-6', 'B203', 2, 'B'),
(21, 'AM107-9', 'B003', 0, 'B'),
(22, 'AM107-15', 'B108', 1, 'B'),
(23, 'AM107-29', 'E006', 0, 'E'),
(24, 'AM107-23', 'C004', 0, 'C'),
(25, 'AM107-28', 'E001', 0, 'E'),
(26, 'AM107-5', 'B202', 2, 'B'),
(27, 'AM107-27', 'E004', 0, 'E'),
(28, 'AM107-24', 'C006', 0, 'C'),
(29, 'AM107-26', 'E003', 0, 'E'),
(30, 'AM107-41', 'E207', 2, 'E'),
(31, 'AM107-32', 'E102', 1, 'E'),
(32, 'AM107-33', 'E103', 1, 'E'),
(33, 'AM107-18', 'B113', 1, 'B'),
(34, 'AM107-12', 'B103', 1, 'B'),
(35, 'AM107-20', 'B217', 2, 'B'),
(36, 'AM107-19', 'B212', 2, 'B'),
(37, 'AM107-40', 'E206', 2, 'E'),
(38, 'AM107-35', 'E105', 1, 'E'),
(39, 'AM107-17', 'B112', 1, 'B'),
(40, 'AM107-38', 'E208', 2, 'E'),
(41, 'AM107-49', 'hall-entrée-principale', 0, 'A'),
(42, 'AM107-34', 'E104', 1, 'E'),
(43, 'AM107-36', 'E106', 1, 'E'),
(44, 'AM107-4', 'B201', 2, 'B'),
(45, 'AM107-51', 'amphi1', 0, 'A'),
(46, 'AM107-46', 'Foyer-personnels', 2, 'B'),
(47, 'AM107-52', 'C101', 1, 'C'),
(48, 'AM107-8', 'B002', 0, 'B'),
(49, 'AM107-39', 'E209', 2, 'E'),
(50, 'AM107-44', 'Serveurs', 0, 'A'),
(51, 'AM107-53', 'C102', 1, 'C'),
(52, 'AM107-55', 'C001', 0, 'C'),
(53, 'AM107-14', 'B106', 1, 'B'),
(54, 'AM107-22', 'B234', 2, 'B'),
(55, 'AM107-50', ' hall-amphi', 0, 'A'),
(56, 'AM107-10', 'B101', 1, 'B'),
(57, 'AM107-47', 'Foyer-etudiants-entrée', 0, 'B'),
(58, 'AM107-7', 'B001', 0, 'B'),
(59, 'AM107-54', 'C002', 0, 'C'),
(60, 'AM107-13', 'B105', 1, 'B'),
(61, 'AM107-25', 'D001', 0, 'D');

-- --------------------------------------------------------

--
-- Structure de la table `Donnes`
--

CREATE TABLE `Donnes` (
  `idDevice` int NOT NULL,
  `temperature` decimal(10,0) NOT NULL,
  `humidity` decimal(10,0) NOT NULL,
  `activity` int NOT NULL,
  `co2` int NOT NULL,
  `tvoc` int NOT NULL,
  `illumination` int NOT NULL,
  `time` datetime NOT NULL
) ENGINE=InnoDB DEFAULT CHARSET=utf8mb3;

--
-- Déchargement des données de la table `Donnes`
--

INSERT INTO `Donnes` (`idDevice`, `temperature`, `humidity`, `activity`, `co2`, `tvoc`, `illumination`, `time`) VALUES
(24, 19, 41, 0, 1255, 283, 2, '2024-01-11 09:53:43'),
(25, 17, 42, 245, 699, 346, 60, '2024-01-11 09:54:37'),
(26, 20, 35, 0, 589, 78, 2, '2024-01-11 09:54:44'),
(27, 17, 39, 0, 544, 315, 27, '2024-01-11 09:54:44'),
(28, 18, 37, 38, 665, 125, 123, '2024-01-11 09:54:44'),
(29, 17, 42, 266, 1109, 570, 67, '2024-01-11 09:55:14'),
(20, 20, 37, 0, 697, 137, 2, '2024-01-11 16:10:14'),
(21, 22, 33, 230, 657, 179, 9, '2024-01-11 16:10:45'),
(22, 20, 34, 0, 748, 123, 2, '2024-01-11 16:12:16'),
(23, 18, 35, 0, 446, 193, 26, '2024-01-11 16:13:25'),
(24, 19, 38, 0, 651, 142, 4, '2024-01-11 16:13:41'),
(30, 19, 34, 0, 524, 211, 191, '2024-01-11 16:16:41'),
(32, 20, 36, 198, 906, 371, 50, '2024-01-11 16:16:44'),
(33, 21, 39, 0, 1160, 203, 3, '2024-01-11 16:17:10'),
(34, 22, 32, 0, 2085, 174, 0, '2024-01-11 16:17:13'),
(35, 19, 38, 0, 686, 200, 4, '2024-01-11 16:17:15'),
(36, 18, 41, 0, 728, 207, 42, '2024-01-11 16:17:16'),
(37, 20, 33, 0, 480, 381, 1, '2024-01-11 16:38:41'),
(38, 20, 34, 0, 695, 235, 2, '2024-01-11 16:38:41'),
(39, 20, 33, 0, 436, 151, 4, '2024-01-11 16:38:42'),
(30, 19, 34, 0, 513, 207, 113, '2024-01-11 15:46:42'),
(32, 19, 37, 95, 815, 341, 39, '2024-01-11 15:46:44'),
(40, 19, 35, 0, 537, 281, 4, '2024-01-11 15:48:17'),
(41, 21, 31, 6, 500, 170, 12, '2024-01-11 15:48:28'),
(42, 20, 34, 23, 623, 234, 15, '2024-01-11 15:49:11'),
(12, 23, 29, 0, 567, 244, 30, '2024-01-11 15:49:38'),
(15, 21, 33, 0, 493, 160, 8, '2024-01-11 15:49:40'),
(14, 20, 36, 38, 1010, 1063, 6, '2024-01-11 15:49:41'),
(13, 17, 37, 0, 516, 76, 9, '2024-01-11 15:49:41'),
(17, 20, 34, 0, 528, 272, 7, '2024-01-11 15:49:44'),
(16, 9, 65, 0, 554, 845, 45, '2024-01-11 15:49:46'),
(17, 20, 34, 0, 528, 272, 7, '2024-01-11 15:49:46'),
(18, 25, 26, 0, 701, 107, 34, '2024-01-11 15:49:54'),
(19, 18, 36, 0, 546, 217, 9, '2024-01-11 15:49:58'),
(20, 20, 36, 0, 664, 135, 1, '2024-01-11 15:50:14'),
(21, 22, 35, 240, 1035, 245, 41, '2024-01-11 15:50:45'),
(33, 20, 35, 0, 493, 123, 2, '2024-01-12 07:17:12'),
(34, 21, 32, 98, 2001, 124, 42, '2024-01-12 07:17:14'),
(35, 18, 36, 0, 500, 128, 2, '2024-01-12 07:17:15'),
(36, 17, 39, 0, 509, 153, 1, '2024-01-12 07:17:18'),
(31, 18, 35, 0, 490, 232, 1, '2024-01-12 07:17:40'),
(43, 17, 35, 0, 475, 46, 1, '2024-01-12 07:17:41'),
(44, 20, 34, 0, 496, 126, 1, '2024-01-12 07:17:43'),
(45, 14, 44, 320, 640, 64, 1, '2024-01-12 07:17:46'),
(46, 18, 37, 0, 577, 169, 42, '2024-01-12 07:17:49'),
(40, 18, 34, 0, 514, 226, 1, '2024-01-12 07:18:19'),
(41, 19, 32, 48, 536, 117, 8, '2024-01-12 07:18:30'),
(37, 18, 33, 0, 491, 318, 1, '2024-01-12 07:18:43'),
(38, 16, 39, 136, 670, 163, 23, '2024-01-12 07:18:43'),
(39, 20, 35, 161, 716, 189, 10, '2024-01-12 07:18:45'),
(42, 16, 38, 3, 519, 57, 51, '2024-01-12 07:19:11'),
(12, 22, 29, 0, 486, 217, 1, '2024-01-12 07:19:40'),
(14, 20, 32, 0, 491, 459, 1, '2024-01-12 07:19:40'),
(15, 20, 33, 0, 454, 138, 1, '2024-01-12 07:19:41'),
(13, 16, 38, 0, 547, 64, 1, '2024-01-12 07:19:42'),
(17, 19, 36, 175, 811, 202, 45, '2024-01-12 07:19:47'),
(16, 4, 71, 0, 553, 337, 1, '2024-01-12 07:19:48'),
(18, 25, 25, 0, 483, 67, 1, '2024-01-12 07:19:55'),
(19, 17, 38, 45, 683, 152, 104, '2024-01-12 07:20:01'),
(20, 20, 39, 236, 966, 139, 49, '2024-01-12 07:20:15'),
(21, 21, 31, 48, 537, 106, 36, '2024-01-12 07:20:45'),
(22, 20, 33, 0, 758, 86, 1, '2024-01-12 07:22:17'),
(23, 17, 39, 161, 932, 223, 61, '2024-01-12 07:23:27'),
(24, 19, 37, 63, 835, 177, 43, '2024-01-12 07:23:44'),
(25, 17, 43, 128, 1119, 607, 51, '2024-01-12 07:24:36'),
(26, 20, 33, 0, 484, 48, 1, '2024-01-12 07:24:38'),
(27, 16, 37, 0, 539, 252, 1, '2024-01-12 07:24:42'),
(28, 19, 36, 0, 461, 88, 1, '2024-01-12 07:24:44'),
(33, 20, 35, 0, 494, 122, 2, '2024-01-12 07:27:12'),
(34, 21, 34, 37, 2266, 153, 42, '2024-01-12 07:27:14'),
(35, 18, 36, 0, 492, 129, 2, '2024-01-12 07:27:16'),
(36, 17, 39, 0, 518, 155, 1, '2024-01-12 07:27:18'),
(31, 19, 34, 0, 493, 235, 1, '2024-01-12 07:27:41'),
(43, 17, 35, 0, 473, 39, 1, '2024-01-12 07:27:42'),
(44, 20, 34, 0, 500, 128, 1, '2024-01-12 07:27:43'),
(45, 15, 44, 107, 579, 73, 1, '2024-01-12 07:27:45'),
(46, 18, 37, 0, 566, 163, 42, '2024-01-12 07:27:47'),
(40, 18, 34, 0, 519, 228, 1, '2024-01-12 07:28:19'),
(41, 19, 32, 215, 533, 122, 10, '2024-01-12 07:28:29'),
(37, 18, 32, 0, 491, 319, 1, '2024-01-12 07:28:43'),
(38, 17, 40, 167, 762, 210, 21, '2024-01-12 07:28:43'),
(39, 21, 37, 175, 942, 245, 10, '2024-01-12 07:28:46'),
(42, 16, 38, 25, 570, 80, 53, '2024-01-12 07:29:12'),
(12, 22, 29, 0, 481, 219, 0, '2024-01-12 07:29:40'),
(15, 20, 33, 0, 451, 139, 1, '2024-01-12 07:29:41'),
(14, 20, 32, 0, 485, 462, 1, '2024-01-12 07:29:41'),
(13, 16, 38, 0, 560, 62, 1, '2024-01-12 07:29:42'),
(23, 17, 40, 97, 1043, 270, 61, '2024-01-12 07:33:26'),
(24, 19, 38, 73, 938, 314, 43, '2024-01-12 07:33:45'),
(26, 20, 33, 0, 485, 50, 1, '2024-01-12 07:34:39'),
(25, 17, 43, 105, 1157, 795, 51, '2024-01-12 07:34:41'),
(27, 16, 36, 0, 543, 262, 2, '2024-01-12 07:34:42'),
(28, 19, 35, 0, 460, 88, 0, '2024-01-12 07:34:43'),
(30, 18, 34, 0, 490, 126, 15, '2024-01-12 07:36:43'),
(32, 18, 39, 162, 918, 344, 34, '2024-01-12 07:36:45'),
(33, 20, 35, 0, 491, 121, 2, '2024-01-12 07:37:11'),
(34, 21, 35, 80, 2470, 175, 42, '2024-01-12 07:37:13'),
(35, 18, 36, 0, 500, 127, 2, '2024-01-12 07:37:16'),
(36, 18, 39, 0, 514, 156, 2, '2024-01-12 07:37:19'),
(31, 19, 34, 0, 507, 236, 1, '2024-01-12 07:37:41'),
(43, 17, 35, 0, 480, 40, 1, '2024-01-12 07:37:41'),
(44, 20, 34, 0, 504, 129, 1, '2024-01-12 07:37:44'),
(45, 15, 44, 141, 590, 83, 1, '2024-01-12 07:37:45'),
(46, 18, 37, 0, 550, 160, 44, '2024-01-12 07:37:47'),
(40, 18, 34, 0, 520, 212, 1, '2024-01-12 07:38:19'),
(41, 19, 32, 186, 539, 129, 12, '2024-01-12 07:38:29'),
(37, 18, 32, 0, 489, 320, 1, '2024-01-12 07:38:42'),
(38, 17, 40, 149, 822, 228, 21, '2024-01-12 07:38:43'),
(39, 21, 38, 228, 1150, 303, 8, '2024-01-12 07:38:45'),
(21, 21, 32, 37, 657, 131, 34, '2024-01-12 07:40:46'),
(22, 20, 33, 0, 759, 88, 1, '2024-01-12 07:42:16'),
(23, 17, 40, 178, 1129, 276, 62, '2024-01-12 07:43:27'),
(24, 19, 38, 43, 1008, 265, 45, '2024-01-12 07:43:45'),
(25, 17, 42, 100, 974, 683, 53, '2024-01-12 07:44:36'),
(26, 20, 32, 0, 493, 48, 1, '2024-01-12 07:44:38'),
(27, 16, 36, 0, 547, 267, 2, '2024-01-12 07:44:42'),
(28, 19, 35, 0, 459, 90, 4, '2024-01-12 07:44:43'),
(22, 19, 47, 0, 732, 104, 16, '2024-01-28 10:52:22'),
(21, 19, 46, 0, 439, 143, 15, '2024-01-28 10:52:23'),
(47, 18, 51, 0, 470, 223, 4, '2024-01-28 10:52:24'),
(19, 18, 50, 0, 417, 105, 32, '2024-01-28 10:52:50'),
(39, 19, 47, 0, 424, 176, 26, '2024-01-28 10:52:50'),
(28, 17, 51, 0, 423, 37, 1, '2024-01-28 10:54:10'),
(48, 19, 50, 0, 440, 94, 11, '2024-01-28 10:54:19'),
(14, 20, 44, 0, 433, 251, 13, '2024-01-28 10:54:20'),
(27, 18, 49, 0, 463, 314, 118, '2024-01-28 10:54:52'),
(26, 18, 48, 0, 439, 95, 7, '2024-01-28 10:54:58'),
(49, 17, 54, 0, 435, 295, 34, '2024-01-28 10:55:13'),
(50, 25, 40, 0, 446, 142, 1, '2024-01-28 10:55:28'),
(29, 19, 48, 0, 437, 368, 12, '2024-01-28 10:55:54'),
(51, 17, 53, 0, 463, 249, 32, '2024-01-28 10:56:23'),
(52, 21, 43, 0, 491, 42, 2, '2024-01-28 10:56:45'),
(30, 20, 46, 0, 430, 197, 926, '2024-01-28 10:56:49'),
(53, 19, 47, 0, 436, 176, 11, '2024-01-28 10:56:55'),
(32, 19, 46, 0, 432, 439, 109, '2024-01-28 10:56:56'),
(46, 18, 48, 0, 430, 171, 22, '2024-01-28 10:56:58'),
(23, 18, 51, 0, 425, 303, 67, '2024-01-28 11:01:17'),
(54, 22, 40, 0, 436, 106, 1, '2024-01-28 11:01:24'),
(22, 19, 47, 0, 731, 103, 14, '2024-01-28 11:02:22'),
(21, 19, 46, 0, 437, 145, 13, '2024-01-28 11:02:23'),
(47, 18, 51, 0, 473, 227, 2, '2024-01-28 11:02:23'),
(19, 18, 50, 0, 418, 109, 30, '2024-01-28 11:02:49'),
(39, 19, 48, 0, 423, 175, 31, '2024-01-28 11:02:51'),
(28, 17, 51, 0, 422, 39, 1, '2024-01-28 11:04:10'),
(14, 20, 44, 0, 432, 256, 11, '2024-01-28 11:04:20'),
(48, 19, 50, 0, 445, 95, 9, '2024-01-28 11:04:20'),
(35, 18, 47, 0, 427, 118, 9, '2024-01-28 11:04:26'),
(55, 18, 51, 0, 427, 299, 33, '2024-01-28 11:04:39'),
(25, 19, 51, 0, 437, 373, 41, '2024-01-28 11:04:42'),
(27, 18, 49, 0, 463, 317, 108, '2024-01-28 11:04:52'),
(26, 18, 48, 0, 440, 97, 9, '2024-01-28 11:04:58'),
(49, 17, 54, 0, 433, 296, 33, '2024-01-28 11:05:13'),
(50, 25, 38, 0, 449, 127, 1, '2024-01-28 11:05:28'),
(29, 19, 48, 0, 441, 372, 14, '2024-01-28 11:05:53'),
(51, 17, 53, 0, 456, 251, 26, '2024-01-28 11:06:24'),
(52, 21, 43, 0, 494, 43, 6, '2024-01-28 11:06:44'),
(30, 20, 46, 0, 435, 194, 881, '2024-01-28 11:06:49'),
(32, 19, 46, 0, 432, 448, 104, '2024-01-28 11:06:53'),
(53, 19, 47, 0, 434, 175, 9, '2024-01-28 11:06:56'),
(46, 18, 48, 0, 426, 173, 20, '2024-01-28 11:06:58'),
(44, 19, 47, 0, 422, 100, 4, '2024-01-28 11:07:23'),
(34, 19, 45, 0, 1685, 95, 20, '2024-01-28 11:07:24'),
(36, 18, 51, 0, 435, 175, 150, '2024-01-28 11:07:29'),
(33, 18, 49, 0, 451, 172, 11, '2024-01-28 11:07:29'),
(31, 20, 44, 0, 430, 335, 7, '2024-01-28 11:07:39'),
(40, 19, 48, 0, 442, 371, 58, '2024-01-28 11:08:19'),
(56, 18, 51, 0, 429, 149, 3, '2024-01-28 11:08:22'),
(45, 17, 57, 0, 446, 286, 1, '2024-01-28 11:08:23'),
(37, 20, 45, 0, 427, 593, 7, '2024-01-28 11:08:39'),
(57, 17, 52, 0, 432, 581, 36, '2024-01-28 11:08:52'),
(38, 20, 47, 0, 428, 325, 11, '2024-01-28 11:08:53'),
(42, 20, 46, 0, 437, 226, 16, '2024-01-28 11:09:17'),
(58, 19, 47, 0, 434, 74, 18, '2024-01-28 11:09:18'),
(24, 17, 51, 0, 427, 169, 18, '2024-01-28 11:09:24'),
(59, 19, 48, 0, 471, 173, 10, '2024-01-28 11:09:40'),
(18, 25, 33, 0, 402, 72, 49, '2024-01-28 11:09:44'),
(15, 19, 46, 0, 429, 141, 6, '2024-01-28 11:09:48'),
(12, 19, 47, 0, 425, 173, 131, '2024-01-28 11:09:49'),
(17, 19, 47, 0, 429, 166, 11, '2024-01-28 11:09:53'),
(13, 18, 48, 0, 500, 214, 20, '2024-01-28 11:09:57'),
(20, 18, 50, 0, 456, 96, 27, '2024-01-28 11:10:28'),
(60, 19, 46, 0, 463, 234, 38, '2024-01-28 11:10:29'),
(16, 13, 77, 0, 522, 5816, 309, '2024-01-28 11:10:29'),
(23, 18, 51, 0, 419, 305, 62, '2024-01-28 11:11:17'),
(54, 22, 40, 0, 439, 104, 1, '2024-01-28 11:11:24'),
(22, 19, 47, 0, 732, 104, 14, '2024-01-28 11:12:21'),
(21, 19, 46, 0, 440, 149, 13, '2024-01-28 11:12:23'),
(47, 18, 51, 0, 471, 231, 2, '2024-01-28 11:12:24'),
(19, 18, 50, 0, 416, 110, 28, '2024-01-28 11:12:49'),
(39, 19, 48, 0, 419, 176, 28, '2024-01-28 11:12:51'),
(28, 17, 51, 0, 421, 40, 1, '2024-01-28 11:14:10'),
(14, 20, 44, 0, 437, 258, 11, '2024-01-28 11:14:19'),
(48, 19, 50, 0, 441, 96, 11, '2024-01-28 11:14:20'),
(35, 18, 47, 0, 427, 120, 4, '2024-01-28 11:14:25'),
(55, 18, 51, 0, 422, 303, 39, '2024-01-28 11:14:40'),
(25, 19, 51, 0, 443, 376, 45, '2024-01-28 11:14:43'),
(27, 19, 49, 0, 466, 322, 111, '2024-01-28 11:14:52'),
(26, 18, 49, 0, 436, 98, 9, '2024-01-28 11:14:58'),
(49, 17, 55, 0, 436, 295, 33, '2024-01-28 11:15:14'),
(50, 25, 41, 0, 443, 133, 1, '2024-01-28 11:15:29'),
(29, 19, 48, 0, 443, 377, 12, '2024-01-28 11:15:53'),
(51, 17, 53, 0, 458, 252, 26, '2024-01-28 11:16:24'),
(52, 21, 43, 0, 495, 45, 2, '2024-01-28 11:16:44'),
(30, 20, 46, 0, 431, 185, 896, '2024-01-28 11:16:49'),
(32, 19, 46, 0, 431, 453, 100, '2024-01-28 11:16:54'),
(53, 19, 47, 0, 434, 176, 13, '2024-01-28 11:16:56'),
(46, 18, 48, 0, 426, 173, 20, '2024-01-28 11:16:59'),
(44, 19, 47, 0, 420, 101, 4, '2024-01-28 11:17:23'),
(34, 19, 45, 0, 1694, 98, 17, '2024-01-28 11:17:24'),
(36, 18, 51, 0, 434, 174, 142, '2024-01-28 11:17:29'),
(33, 18, 50, 0, 445, 173, 11, '2024-01-28 11:17:29'),
(31, 20, 44, 0, 428, 337, 7, '2024-01-28 11:17:39'),
(40, 19, 48, 0, 443, 370, 58, '2024-01-28 11:18:19'),
(56, 18, 51, 0, 438, 150, 6, '2024-01-28 11:18:22'),
(45, 17, 57, 0, 443, 290, 1, '2024-01-28 11:18:23'),
(37, 20, 45, 0, 429, 614, 7, '2024-01-28 11:18:39'),
(57, 17, 52, 0, 433, 591, 33, '2024-01-28 11:18:52'),
(38, 20, 47, 0, 425, 325, 13, '2024-01-28 11:18:53'),
(42, 20, 47, 0, 437, 224, 16, '2024-01-28 11:19:17'),
(58, 19, 47, 0, 431, 74, 20, '2024-01-28 11:19:19'),
(24, 17, 51, 0, 431, 169, 13, '2024-01-28 11:19:23'),
(59, 19, 48, 0, 473, 173, 10, '2024-01-28 11:19:41'),
(18, 25, 33, 0, 401, 70, 40, '2024-01-28 11:19:44'),
(15, 19, 46, 0, 434, 142, 6, '2024-01-28 11:19:48'),
(12, 19, 47, 0, 420, 174, 153, '2024-01-28 11:19:49'),
(17, 19, 47, 0, 437, 169, 13, '2024-01-28 11:19:53'),
(17, 19, 47, 0, 437, 169, 13, '2024-01-28 11:19:56'),
(13, 18, 48, 0, 494, 217, 20, '2024-01-28 11:19:58'),
(20, 18, 50, 0, 455, 96, 27, '2024-01-28 11:20:28'),
(60, 19, 46, 0, 472, 235, 36, '2024-01-28 11:20:28'),
(16, 13, 76, 0, 516, 5889, 310, '2024-01-28 11:20:30'),
(23, 18, 51, 0, 416, 306, 60, '2024-01-28 11:21:17'),
(54, 22, 40, 0, 436, 105, 1, '2024-01-28 11:21:24'),
(22, 19, 47, 0, 726, 105, 16, '2024-01-28 11:22:22'),
(21, 19, 46, 0, 438, 151, 15, '2024-01-28 11:22:24'),
(47, 18, 51, 0, 475, 233, 2, '2024-01-28 11:22:24'),
(19, 19, 50, 0, 423, 112, 25, '2024-01-28 11:22:50'),
(39, 19, 48, 0, 419, 178, 30, '2024-01-28 11:22:51'),
(28, 17, 51, 0, 424, 40, 1, '2024-01-28 11:24:09'),
(48, 19, 50, 0, 446, 96, 9, '2024-01-28 11:24:19'),
(14, 20, 44, 0, 431, 259, 11, '2024-01-28 11:24:20'),
(35, 18, 47, 0, 427, 121, 9, '2024-01-28 11:24:25'),
(55, 18, 51, 0, 424, 304, 41, '2024-01-28 11:24:40'),
(25, 19, 51, 0, 443, 380, 47, '2024-01-28 11:24:43'),
(27, 19, 49, 0, 462, 324, 120, '2024-01-28 11:24:52'),
(26, 18, 49, 0, 440, 97, 7, '2024-01-28 11:24:58'),
(49, 17, 55, 0, 434, 297, 31, '2024-01-28 11:25:14'),
(50, 25, 38, 0, 454, 124, 1, '2024-01-28 11:25:29'),
(29, 19, 48, 0, 441, 387, 16, '2024-01-28 11:25:54'),
(51, 17, 53, 0, 451, 255, 28, '2024-01-28 11:26:23'),
(52, 21, 43, 0, 492, 46, 4, '2024-01-28 11:26:45'),
(30, 20, 46, 0, 433, 188, 910, '2024-01-28 11:26:48'),
(32, 19, 47, 0, 430, 468, 114, '2024-01-28 11:26:53'),
(53, 19, 47, 0, 435, 176, 13, '2024-01-28 11:26:55'),
(46, 18, 48, 0, 424, 174, 27, '2024-01-28 11:26:58'),
(44, 19, 47, 0, 424, 101, 11, '2024-01-28 11:27:23'),
(34, 19, 45, 0, 1689, 97, 24, '2024-01-28 11:27:24'),
(36, 18, 51, 0, 437, 175, 164, '2024-01-28 11:27:29'),
(33, 18, 50, 0, 450, 172, 12, '2024-01-28 11:27:29'),
(31, 20, 44, 0, 427, 340, 9, '2024-01-28 11:27:40'),
(61, 18, 65, 0, 461, 121, 1, '2024-01-28 11:28:19'),
(40, 19, 48, 0, 443, 375, 62, '2024-01-28 11:28:20'),
(56, 18, 51, 0, 432, 150, 9, '2024-01-28 11:28:22'),
(45, 17, 57, 0, 448, 288, 1, '2024-01-28 11:28:23'),
(37, 20, 45, 0, 421, 625, 11, '2024-01-28 11:28:40'),
(57, 17, 52, 0, 437, 598, 40, '2024-01-28 11:28:52'),
(38, 20, 47, 0, 426, 327, 11, '2024-01-28 11:28:52'),
(42, 20, 47, 0, 438, 224, 16, '2024-01-28 11:29:17'),
(58, 19, 48, 0, 438, 75, 29, '2024-01-28 11:29:19'),
(24, 17, 51, 0, 434, 167, 16, '2024-01-28 11:29:24'),
(59, 19, 48, 0, 475, 175, 10, '2024-01-28 11:29:40'),
(18, 25, 33, 0, 405, 72, 58, '2024-01-28 11:29:43'),
(15, 19, 46, 0, 435, 142, 9, '2024-01-28 11:29:48'),
(12, 19, 47, 0, 424, 170, 176, '2024-01-28 11:29:49'),
(17, 19, 47, 0, 429, 163, 16, '2024-01-28 11:29:53'),
(17, 19, 47, 0, 429, 163, 16, '2024-01-28 11:29:55'),
(13, 18, 48, 0, 488, 217, 35, '2024-01-28 11:29:57'),
(20, 18, 50, 0, 456, 97, 29, '2024-01-28 11:30:29'),
(60, 19, 46, 0, 472, 237, 42, '2024-01-28 11:30:29'),
(16, 13, 76, 0, 512, 6040, 368, '2024-01-28 11:30:29'),
(23, 18, 52, 0, 422, 306, 67, '2024-01-28 11:31:18'),
(54, 22, 40, 0, 431, 104, 1, '2024-01-28 11:31:24'),
(22, 19, 47, 0, 728, 105, 18, '2024-01-28 11:32:22'),
(21, 19, 46, 0, 439, 154, 26, '2024-01-28 11:32:23'),
(47, 18, 51, 0, 469, 235, 4, '2024-01-28 11:32:23'),
(19, 19, 50, 0, 422, 111, 30, '2024-01-28 11:32:49'),
(39, 19, 48, 0, 421, 177, 55, '2024-01-28 11:32:51'),
(28, 17, 52, 0, 420, 41, 1, '2024-01-28 11:34:10'),
(14, 20, 44, 0, 435, 263, 14, '2024-01-28 11:34:20'),
(48, 19, 50, 0, 443, 96, 9, '2024-01-28 11:34:20'),
(35, 18, 48, 0, 423, 120, 13, '2024-01-28 11:34:26'),
(55, 18, 51, 0, 418, 306, 59, '2024-01-28 11:34:39'),
(25, 19, 51, 0, 441, 382, 62, '2024-01-28 11:34:42'),
(27, 19, 49, 0, 464, 328, 166, '2024-01-28 11:34:52'),
(26, 18, 49, 0, 441, 100, 9, '2024-01-28 11:34:58'),
(49, 17, 55, 0, 436, 296, 35, '2024-01-28 11:35:13'),
(50, 25, 41, 0, 443, 139, 1, '2024-01-28 11:35:28'),
(29, 19, 49, 0, 439, 409, 21, '2024-01-28 11:35:54'),
(51, 17, 53, 0, 460, 256, 29, '2024-01-28 11:36:23'),
(52, 21, 43, 0, 495, 45, 5, '2024-01-28 11:36:44'),
(30, 20, 46, 0, 434, 178, 977, '2024-01-28 11:36:49'),
(32, 19, 47, 0, 433, 478, 136, '2024-01-28 11:36:53'),
(53, 19, 47, 0, 431, 177, 13, '2024-01-28 11:36:56'),
(46, 18, 48, 0, 422, 175, 40, '2024-01-28 11:36:58'),
(44, 19, 47, 0, 424, 103, 11, '2024-01-28 11:37:22'),
(34, 19, 45, 0, 1688, 97, 40, '2024-01-28 11:37:24'),
(33, 18, 50, 0, 445, 173, 12, '2024-01-28 11:37:28'),
(36, 18, 51, 0, 436, 174, 191, '2024-01-28 11:37:29'),
(31, 20, 44, 0, 427, 342, 14, '2024-01-28 11:37:39'),
(40, 19, 49, 0, 446, 372, 67, '2024-01-28 11:38:19'),
(56, 18, 51, 0, 425, 151, 9, '2024-01-28 11:38:22'),
(45, 17, 57, 0, 442, 290, 1, '2024-01-28 11:38:23'),
(37, 20, 45, 0, 422, 635, 12, '2024-01-28 11:38:39'),
(38, 20, 47, 0, 429, 328, 15, '2024-01-28 11:38:52'),
(57, 17, 52, 0, 434, 611, 44, '2024-01-28 11:38:53'),
(42, 20, 47, 0, 440, 223, 14, '2024-01-28 11:39:17'),
(58, 19, 48, 0, 433, 76, 41, '2024-01-28 11:39:18'),
(24, 17, 51, 0, 426, 168, 16, '2024-01-28 11:39:24'),
(59, 19, 48, 0, 477, 173, 12, '2024-01-28 11:39:40'),
(18, 25, 33, 0, 400, 69, 63, '2024-01-28 11:39:44'),
(12, 19, 48, 0, 419, 170, 212, '2024-01-28 11:39:48'),
(15, 19, 46, 0, 437, 144, 13, '2024-01-28 11:39:49'),
(17, 19, 47, 0, 431, 163, 20, '2024-01-28 11:39:53'),
(13, 18, 49, 0, 498, 219, 44, '2024-01-28 11:39:57'),
(61, 18, 64, 0, 441, 0, 6, '2024-01-28 11:40:25'),
(20, 18, 50, 0, 454, 98, 32, '2024-01-28 11:40:29'),
(60, 19, 46, 0, 464, 237, 45, '2024-01-28 11:40:29'),
(16, 13, 75, 0, 517, 5875, 400, '2024-01-28 11:40:29'),
(23, 18, 52, 0, 421, 304, 66, '2024-01-28 11:41:17'),
(54, 22, 40, 0, 434, 104, 1, '2024-01-28 11:41:23'),
(22, 19, 47, 0, 727, 105, 18, '2024-01-28 11:42:22'),
(21, 19, 46, 0, 433, 157, 33, '2024-01-28 11:42:23'),
(47, 18, 51, 0, 485, 236, 4, '2024-01-28 11:42:24'),
(19, 19, 50, 0, 420, 109, 30, '2024-01-28 11:42:49'),
(39, 19, 48, 0, 420, 177, 73, '2024-01-28 11:42:51'),
(28, 17, 52, 0, 422, 41, 1, '2024-01-28 11:44:10'),
(14, 20, 44, 0, 434, 265, 16, '2024-01-28 11:44:19'),
(48, 19, 50, 0, 438, 98, 9, '2024-01-28 11:44:20'),
(35, 18, 48, 0, 426, 122, 15, '2024-01-28 11:44:25'),
(55, 18, 51, 0, 425, 309, 50, '2024-01-28 11:44:39'),
(25, 19, 51, 0, 437, 386, 61, '2024-01-28 11:44:42'),
(27, 19, 49, 0, 465, 334, 176, '2024-01-28 11:44:52'),
(26, 18, 49, 0, 439, 99, 9, '2024-01-28 11:44:58'),
(49, 17, 55, 0, 427, 296, 33, '2024-01-28 11:45:13'),
(50, 25, 36, 0, 443, 98, 1, '2024-01-28 11:45:28'),
(29, 19, 49, 0, 439, 454, 21, '2024-01-28 11:45:53'),
(51, 17, 53, 0, 458, 258, 29, '2024-01-28 11:46:24'),
(52, 21, 43, 0, 488, 48, 5, '2024-01-28 11:46:44'),
(30, 20, 46, 0, 435, 178, 1008, '2024-01-28 11:46:49'),
(32, 19, 47, 0, 432, 500, 146, '2024-01-28 11:46:53'),
(53, 19, 47, 0, 427, 177, 12, '2024-01-28 11:46:56'),
(46, 18, 48, 0, 430, 176, 45, '2024-01-28 11:46:58'),
(44, 19, 47, 0, 425, 104, 13, '2024-01-28 11:47:23'),
(34, 19, 45, 0, 1678, 99, 46, '2024-01-28 11:47:24'),
(36, 18, 51, 0, 431, 174, 202, '2024-01-28 11:47:29'),
(33, 18, 50, 0, 445, 172, 12, '2024-01-28 11:47:29'),
(31, 20, 44, 0, 428, 344, 14, '2024-01-28 11:47:39'),
(40, 19, 49, 0, 445, 372, 65, '2024-01-28 11:48:19'),
(56, 18, 51, 0, 435, 152, 11, '2024-01-28 11:48:22'),
(45, 17, 57, 0, 447, 292, 1, '2024-01-28 11:48:23'),
(37, 20, 45, 0, 423, 645, 14, '2024-01-28 11:48:39'),
(57, 17, 52, 0, 433, 627, 47, '2024-01-28 11:48:52'),
(38, 20, 47, 0, 429, 328, 11, '2024-01-28 11:48:53'),
(42, 20, 47, 0, 438, 223, 16, '2024-01-28 11:49:17'),
(58, 19, 48, 0, 429, 76, 48, '2024-01-28 11:49:19'),
(24, 17, 51, 0, 426, 168, 20, '2024-01-28 11:49:23'),
(59, 19, 48, 0, 474, 174, 13, '2024-01-28 11:49:41'),
(18, 25, 33, 0, 403, 73, 63, '2024-01-28 11:49:44'),
(15, 19, 46, 0, 428, 146, 15, '2024-01-28 11:49:49'),
(12, 19, 48, 0, 424, 172, 211, '2024-01-28 11:49:49'),
(17, 19, 47, 0, 431, 184, 25, '2024-01-28 11:49:53'),
(17, 19, 47, 0, 431, 184, 25, '2024-01-28 11:49:56'),
(13, 18, 49, 0, 498, 222, 49, '2024-01-28 11:49:58'),
(61, 18, 64, 0, 451, 4993, 6, '2024-01-28 11:50:24'),
(20, 18, 50, 0, 450, 99, 32, '2024-01-28 11:50:28'),
(60, 19, 46, 0, 469, 238, 49, '2024-01-28 11:50:28'),
(16, 13, 75, 0, 506, 5981, 437, '2024-01-28 11:50:30'),
(23, 18, 51, 0, 418, 303, 70, '2024-01-28 11:51:17'),
(54, 22, 40, 0, 431, 104, 1, '2024-01-28 11:51:24'),
(22, 19, 47, 0, 732, 105, 16, '2024-01-28 11:52:22'),
(21, 19, 46, 0, 436, 161, 36, '2024-01-28 11:52:23'),
(47, 18, 51, 0, 474, 238, 4, '2024-01-28 11:52:24'),
(19, 19, 50, 0, 417, 108, 35, '2024-01-28 11:52:49'),
(39, 19, 48, 0, 422, 180, 77, '2024-01-28 11:52:51'),
(28, 17, 52, 0, 421, 43, 1, '2024-01-28 11:54:10'),
(48, 19, 50, 0, 441, 100, 11, '2024-01-28 11:54:19'),
(14, 20, 44, 0, 425, 267, 16, '2024-01-28 11:54:20'),
(35, 18, 48, 0, 426, 123, 13, '2024-01-28 11:54:25'),
(55, 18, 51, 0, 425, 309, 45, '2024-01-28 11:54:40'),
(25, 19, 51, 0, 436, 411, 58, '2024-01-28 11:54:43'),
(27, 19, 49, 0, 459, 345, 172, '2024-01-28 11:54:52'),
(26, 18, 49, 0, 440, 102, 11, '2024-01-28 11:54:58'),
(49, 17, 55, 0, 432, 296, 35, '2024-01-28 11:55:14'),
(50, 25, 42, 0, 450, 138, 1, '2024-01-28 11:55:29'),
(29, 19, 49, 0, 441, 514, 19, '2024-01-28 11:55:53'),
(51, 17, 53, 0, 452, 261, 30, '2024-01-28 11:56:23'),
(52, 21, 43, 0, 492, 49, 7, '2024-01-28 11:56:44'),
(30, 20, 46, 0, 438, 177, 982, '2024-01-28 11:56:49'),
(32, 20, 47, 0, 432, 500, 143, '2024-01-28 11:56:54'),
(53, 19, 47, 0, 433, 178, 13, '2024-01-28 11:56:55'),
(46, 18, 48, 0, 426, 179, 36, '2024-01-28 11:56:58'),
(44, 19, 48, 0, 423, 106, 9, '2024-01-28 11:57:23'),
(34, 19, 45, 0, 1689, 102, 40, '2024-01-28 11:57:24'),
(36, 18, 51, 0, 431, 176, 191, '2024-01-28 11:57:29'),
(33, 18, 50, 0, 448, 172, 14, '2024-01-28 11:57:29'),
(31, 20, 44, 0, 428, 346, 14, '2024-01-28 11:57:40'),
(40, 19, 49, 0, 442, 374, 67, '2024-01-28 11:58:20'),
(56, 18, 51, 0, 430, 154, 9, '2024-01-28 11:58:22'),
(45, 17, 57, 0, 445, 293, 1, '2024-01-28 11:58:23'),
(37, 20, 46, 0, 426, 658, 13, '2024-01-28 11:58:39'),
(57, 17, 52, 0, 439, 653, 47, '2024-01-28 11:58:52'),
(38, 20, 47, 0, 427, 328, 11, '2024-01-28 11:58:53'),
(42, 20, 47, 0, 439, 223, 14, '2024-01-28 11:59:17'),
(58, 19, 48, 0, 436, 79, 34, '2024-01-28 11:59:19'),
(24, 17, 51, 0, 430, 167, 18, '2024-01-28 11:59:24'),
(59, 19, 48, 0, 464, 174, 10, '2024-01-28 11:59:40'),
(18, 25, 33, 0, 402, 71, 58, '2024-01-28 11:59:43'),
(15, 19, 46, 0, 431, 148, 11, '2024-01-28 11:59:49'),
(12, 19, 48, 0, 418, 171, 174, '2024-01-28 11:59:49'),
(17, 19, 47, 0, 431, 172, 18, '2024-01-28 11:59:53'),
(17, 19, 47, 0, 431, 172, 18, '2024-01-28 11:59:56'),
(13, 18, 48, 0, 492, 226, 33, '2024-01-28 11:59:57'),
(61, 18, 64, 0, 447, 2954, 2, '2024-01-28 12:00:23'),
(20, 18, 50, 0, 451, 98, 29, '2024-01-28 12:00:28'),
(60, 19, 46, 0, 468, 238, 42, '2024-01-28 12:00:29'),
(16, 13, 74, 0, 511, 6146, 346, '2024-01-28 12:00:29'),
(23, 18, 51, 0, 421, 301, 69, '2024-01-28 12:01:18'),
(54, 22, 40, 0, 433, 104, 1, '2024-01-28 12:01:24'),
(22, 19, 47, 0, 726, 106, 14, '2024-01-28 12:02:22'),
(21, 19, 46, 0, 441, 167, 20, '2024-01-28 12:02:23'),
(47, 18, 51, 0, 479, 241, 2, '2024-01-28 12:02:24'),
(19, 19, 50, 0, 416, 108, 32, '2024-01-28 12:02:50'),
(39, 19, 48, 0, 423, 181, 46, '2024-01-28 12:02:50'),
(28, 17, 52, 0, 419, 43, 1, '2024-01-28 12:04:10'),
(14, 20, 44, 0, 431, 270, 16, '2024-01-28 12:04:20'),
(48, 19, 50, 0, 439, 99, 11, '2024-01-28 12:04:20'),
(35, 18, 48, 0, 424, 124, 11, '2024-01-28 12:04:26'),
(55, 18, 51, 0, 425, 310, 44, '2024-01-28 12:04:39'),
(25, 19, 51, 0, 435, 422, 57, '2024-01-28 12:04:43'),
(27, 19, 49, 0, 465, 350, 154, '2024-01-28 12:04:52'),
(26, 18, 49, 0, 438, 103, 9, '2024-01-28 12:04:58'),
(49, 17, 55, 0, 433, 297, 35, '2024-01-28 12:05:13'),
(29, 19, 49, 0, 444, 550, 19, '2024-01-28 12:05:54'),
(51, 17, 53, 0, 460, 264, 26, '2024-01-28 12:06:23'),
(52, 21, 43, 0, 489, 50, 7, '2024-01-28 12:06:44'),
(30, 20, 46, 0, 433, 175, 950, '2024-01-28 12:06:49'),
(32, 20, 46, 0, 434, 515, 130, '2024-01-28 12:06:53'),
(53, 19, 47, 0, 428, 179, 11, '2024-01-28 12:06:55'),
(46, 18, 48, 0, 421, 180, 25, '2024-01-28 12:06:58'),
(44, 19, 48, 0, 423, 108, 9, '2024-01-28 12:07:23'),
(34, 19, 45, 0, 1684, 105, 26, '2024-01-28 12:07:23'),
(36, 18, 51, 0, 435, 176, 181, '2024-01-28 12:07:28'),
(33, 18, 50, 0, 450, 173, 12, '2024-01-28 12:07:29'),
(31, 20, 44, 0, 425, 347, 11, '2024-01-28 12:07:39'),
(40, 19, 49, 0, 442, 376, 63, '2024-01-28 12:08:19'),
(56, 18, 51, 0, 438, 155, 5, '2024-01-28 12:08:22'),
(45, 17, 57, 0, 440, 292, 1, '2024-01-28 12:08:23'),
(37, 20, 46, 0, 427, 667, 11, '2024-01-28 12:08:40'),
(57, 17, 52, 0, 429, 680, 45, '2024-01-28 12:08:52'),
(38, 20, 47, 0, 430, 330, 11, '2024-01-28 12:08:52'),
(42, 20, 47, 0, 437, 224, 14, '2024-01-28 12:09:18'),
(58, 19, 48, 0, 433, 78, 34, '2024-01-28 12:09:18'),
(24, 17, 51, 0, 425, 167, 18, '2024-01-28 12:09:24'),
(59, 19, 48, 0, 473, 175, 14, '2024-01-28 12:09:40'),
(18, 25, 33, 0, 413, 71, 55, '2024-01-28 12:09:44'),
(15, 19, 46, 0, 434, 151, 11, '2024-01-28 12:09:49'),
(12, 19, 48, 0, 420, 169, 154, '2024-01-28 12:09:49'),
(17, 19, 47, 0, 429, 165, 16, '2024-01-28 12:09:53'),
(13, 19, 48, 0, 497, 228, 31, '2024-01-28 12:09:57'),
(61, 18, 64, 0, 451, 430, 2, '2024-01-28 12:10:23'),
(20, 18, 51, 0, 452, 99, 31, '2024-01-28 12:10:29'),
(60, 19, 46, 0, 463, 239, 40, '2024-01-28 12:10:29'),
(16, 14, 74, 0, 499, 6232, 344, '2024-01-28 12:10:29'),
(23, 18, 51, 0, 421, 301, 71, '2024-01-28 12:11:17'),
(54, 22, 40, 0, 429, 105, 1, '2024-01-28 12:11:24'),
(22, 19, 47, 0, 725, 108, 14, '2024-01-28 12:12:22'),
(21, 19, 46, 0, 438, 171, 20, '2024-01-28 12:12:23'),
(47, 18, 51, 0, 479, 244, 2, '2024-01-28 12:12:24'),
(19, 19, 50, 0, 420, 109, 34, '2024-01-28 12:12:49'),
(39, 19, 48, 0, 418, 183, 42, '2024-01-28 12:12:51'),
(28, 17, 52, 0, 423, 43, 1, '2024-01-28 12:14:10'),
(14, 20, 44, 0, 425, 273, 13, '2024-01-28 12:14:19'),
(48, 19, 50, 0, 438, 102, 13, '2024-01-28 12:14:20'),
(35, 18, 48, 0, 429, 124, 9, '2024-01-28 12:14:26'),
(55, 18, 51, 0, 423, 309, 40, '2024-01-28 12:14:39'),
(25, 19, 51, 0, 434, 412, 55, '2024-01-28 12:14:42'),
(27, 19, 49, 0, 459, 352, 146, '2024-01-28 12:14:52'),
(26, 18, 49, 0, 440, 102, 9, '2024-01-28 12:14:58'),
(49, 17, 55, 0, 435, 295, 34, '2024-01-28 12:15:13'),
(50, 25, 41, 0, 446, 157, 1, '2024-01-28 12:15:28'),
(29, 19, 49, 0, 439, 567, 15, '2024-01-28 12:15:54'),
(51, 17, 53, 0, 461, 266, 24, '2024-01-28 12:16:24'),
(52, 21, 43, 0, 490, 51, 9, '2024-01-28 12:16:44'),
(30, 20, 46, 0, 431, 172, 912, '2024-01-28 12:16:49'),
(32, 20, 46, 0, 428, 518, 118, '2024-01-28 12:16:53'),
(53, 19, 47, 0, 426, 180, 9, '2024-01-28 12:16:56'),
(46, 18, 48, 0, 429, 181, 24, '2024-01-28 12:16:58'),
(44, 19, 48, 0, 426, 108, 6, '2024-01-28 12:17:23'),
(34, 19, 45, 0, 1690, 106, 24, '2024-01-28 12:17:24'),
(36, 18, 52, 0, 430, 176, 168, '2024-01-28 12:17:29'),
(33, 18, 50, 0, 446, 175, 10, '2024-01-28 12:17:29'),
(31, 20, 44, 0, 427, 349, 9, '2024-01-28 12:17:39'),
(40, 19, 49, 0, 443, 377, 60, '2024-01-28 12:18:19'),
(56, 18, 51, 0, 426, 157, 7, '2024-01-28 12:18:22'),
(37, 20, 46, 0, 422, 677, 11, '2024-01-28 12:18:39'),
(57, 17, 52, 0, 429, 695, 45, '2024-01-28 12:18:52'),
(38, 20, 47, 0, 423, 330, 13, '2024-01-28 12:18:53'),
(42, 19, 47, 0, 438, 222, 12, '2024-01-28 12:19:17'),
(58, 19, 48, 0, 432, 79, 27, '2024-01-28 12:19:18'),
(24, 17, 51, 0, 422, 167, 20, '2024-01-28 12:19:23'),
(59, 19, 48, 0, 469, 177, 12, '2024-01-28 12:19:40'),
(18, 25, 33, 0, 403, 72, 58, '2024-01-28 12:19:44'),
(15, 19, 46, 0, 436, 154, 7, '2024-01-28 12:19:48'),
(12, 19, 48, 0, 424, 168, 140, '2024-01-28 12:19:49'),
(17, 19, 47, 0, 431, 162, 17, '2024-01-28 12:19:53'),
(17, 19, 47, 0, 431, 162, 17, '2024-01-28 12:19:55'),
(13, 19, 48, 0, 496, 230, 24, '2024-01-28 12:19:58'),
(61, 18, 64, 0, 447, 15, 1, '2024-01-28 12:20:24'),
(20, 18, 51, 0, 451, 100, 27, '2024-01-28 12:20:28'),
(60, 19, 46, 0, 462, 240, 40, '2024-01-28 12:20:29'),
(16, 14, 74, 0, 507, 6175, 323, '2024-01-28 12:20:29'),
(23, 18, 51, 0, 416, 302, 69, '2024-01-28 12:21:17'),
(54, 22, 40, 0, 431, 104, 1, '2024-01-28 12:21:24'),
(22, 19, 48, 0, 730, 107, 16, '2024-01-28 12:22:21'),
(21, 19, 46, 0, 438, 171, 18, '2024-01-28 12:22:23'),
(47, 18, 51, 0, 468, 246, 2, '2024-01-28 12:22:24'),
(19, 19, 50, 0, 424, 107, 34, '2024-01-28 12:22:49'),
(39, 19, 48, 0, 419, 183, 42, '2024-01-28 12:22:51'),
(28, 17, 52, 0, 424, 44, 1, '2024-01-28 12:24:10'),
(14, 20, 44, 0, 429, 275, 14, '2024-01-28 12:24:19'),
(48, 19, 50, 0, 440, 101, 12, '2024-01-28 12:24:19'),
(35, 18, 48, 0, 425, 126, 9, '2024-01-28 12:24:25'),
(55, 18, 51, 0, 422, 306, 38, '2024-01-28 12:24:40'),
(25, 19, 51, 0, 442, 439, 60, '2024-01-28 12:24:43'),
(27, 19, 49, 0, 457, 357, 167, '2024-01-28 12:24:52'),
(26, 18, 50, 0, 439, 104, 11, '2024-01-28 12:24:58'),
(49, 17, 55, 0, 432, 298, 36, '2024-01-28 12:25:14'),
(50, 25, 36, 0, 450, 65, 1, '2024-01-28 12:25:29'),
(29, 19, 49, 0, 438, 595, 23, '2024-01-28 12:25:53'),
(51, 17, 53, 0, 456, 267, 24, '2024-01-28 12:26:23'),
(52, 21, 43, 0, 489, 52, 11, '2024-01-28 12:26:44'),
(30, 20, 46, 0, 430, 172, 938, '2024-01-28 12:26:49'),
(32, 20, 46, 0, 430, 534, 139, '2024-01-28 12:26:53'),
(53, 19, 47, 0, 433, 179, 13, '2024-01-28 12:26:56'),
(46, 18, 49, 0, 421, 181, 40, '2024-01-28 12:26:59'),
(44, 19, 48, 0, 427, 110, 11, '2024-01-28 12:27:23'),
(34, 19, 45, 0, 1686, 106, 31, '2024-01-28 12:27:24'),
(36, 18, 52, 0, 432, 178, 182, '2024-01-28 12:27:29'),
(33, 18, 50, 0, 446, 175, 12, '2024-01-28 12:27:29'),
(31, 20, 44, 0, 426, 351, 16, '2024-01-28 12:27:39'),
(40, 19, 49, 0, 441, 380, 67, '2024-01-28 12:28:19'),
(56, 18, 51, 0, 425, 157, 9, '2024-01-28 12:28:22'),
(45, 17, 57, 0, 445, 294, 1, '2024-01-28 12:28:23'),
(37, 20, 46, 0, 422, 677, 14, '2024-01-28 12:28:39'),
(57, 17, 52, 0, 436, 688, 50, '2024-01-28 12:28:52'),
(38, 20, 47, 0, 429, 335, 13, '2024-01-28 12:28:53'),
(42, 19, 48, 0, 435, 224, 16, '2024-01-28 12:29:17'),
(58, 19, 48, 0, 433, 79, 38, '2024-01-28 12:29:19'),
(24, 17, 52, 0, 428, 166, 20, '2024-01-28 12:29:24'),
(59, 19, 48, 0, 475, 177, 17, '2024-01-28 12:29:40'),
(18, 25, 33, 0, 403, 72, 67, '2024-01-28 12:29:44'),
(15, 19, 46, 0, 438, 156, 9, '2024-01-28 12:29:48'),
(12, 19, 48, 0, 424, 168, 155, '2024-01-28 12:29:49'),
(17, 19, 47, 0, 433, 166, 20, '2024-01-28 12:29:53'),
(13, 19, 48, 0, 489, 232, 36, '2024-01-28 12:29:58'),
(61, 18, 64, 0, 447, 2, 4, '2024-01-28 12:30:23'),
(20, 18, 51, 0, 452, 100, 34, '2024-01-28 12:30:28'),
(60, 19, 46, 0, 468, 241, 41, '2024-01-28 12:30:29'),
(16, 14, 73, 0, 498, 6229, 381, '2024-01-28 12:30:30'),
(23, 18, 51, 0, 418, 303, 72, '2024-01-28 12:31:17'),
(54, 22, 40, 0, 426, 104, 1, '2024-01-28 12:31:24'),
(22, 19, 48, 0, 725, 107, 18, '2024-01-28 12:32:22'),
(21, 19, 46, 0, 436, 174, 29, '2024-01-28 12:32:23'),
(47, 18, 51, 0, 465, 247, 2, '2024-01-28 12:32:24'),
(19, 19, 50, 0, 417, 110, 37, '2024-01-28 12:32:50'),
(39, 19, 48, 0, 420, 184, 49, '2024-01-28 12:32:50'),
(28, 17, 52, 0, 420, 45, 1, '2024-01-28 12:34:09'),
(48, 19, 50, 0, 439, 102, 14, '2024-01-28 12:34:19'),
(14, 20, 44, 0, 428, 274, 18, '2024-01-28 12:34:20'),
(35, 18, 48, 0, 428, 127, 11, '2024-01-28 12:34:25'),
(55, 18, 51, 0, 421, 308, 45, '2024-01-28 12:34:39'),
(25, 19, 51, 0, 435, 456, 67, '2024-01-28 12:34:43'),
(27, 19, 49, 0, 456, 358, 191, '2024-01-28 12:34:52'),
(26, 18, 50, 0, 439, 105, 14, '2024-01-28 12:34:58'),
(49, 17, 55, 0, 430, 296, 44, '2024-01-28 12:35:14'),
(50, 25, 42, 0, 445, 140, 1, '2024-01-28 12:35:29'),
(29, 19, 49, 0, 432, 614, 24, '2024-01-28 12:35:54'),
(51, 17, 53, 0, 459, 269, 29, '2024-01-28 12:36:23'),
(52, 21, 43, 0, 486, 51, 9, '2024-01-28 12:36:45'),
(30, 20, 47, 0, 432, 176, 1018, '2024-01-28 12:36:48'),
(32, 20, 46, 0, 431, 544, 146, '2024-01-28 12:36:54'),
(53, 19, 47, 0, 427, 179, 14, '2024-01-28 12:36:55'),
(46, 18, 49, 0, 418, 184, 65, '2024-01-28 12:36:58'),
(44, 19, 48, 0, 422, 108, 11, '2024-01-28 12:37:23'),
(34, 19, 45, 0, 1685, 107, 40, '2024-01-28 12:37:24'),
(36, 18, 52, 0, 431, 177, 198, '2024-01-28 12:37:29'),
(33, 18, 50, 0, 444, 174, 14, '2024-01-28 12:37:29'),
(31, 20, 44, 0, 428, 352, 14, '2024-01-28 12:37:40'),
(40, 19, 49, 0, 441, 382, 70, '2024-01-28 12:38:20'),
(56, 18, 51, 0, 432, 157, 9, '2024-01-28 12:38:22'),
(45, 17, 57, 0, 441, 295, 1, '2024-01-28 12:38:23'),
(37, 20, 46, 0, 418, 691, 16, '2024-01-28 12:38:40'),
(57, 17, 52, 0, 434, 701, 52, '2024-01-28 12:38:52'),
(38, 20, 47, 0, 424, 336, 16, '2024-01-28 12:38:52'),
(42, 19, 48, 0, 435, 227, 18, '2024-01-28 12:39:17'),
(58, 19, 48, 0, 433, 79, 41, '2024-01-28 12:39:19'),
(24, 17, 52, 0, 426, 168, 22, '2024-01-28 12:39:24'),
(59, 19, 48, 0, 464, 177, 22, '2024-01-28 12:39:40'),
(18, 25, 33, 0, 404, 73, 56, '2024-01-28 12:39:43'),
(15, 19, 46, 0, 435, 155, 15, '2024-01-28 12:39:48'),
(12, 19, 48, 0, 423, 165, 171, '2024-01-28 12:39:49'),
(17, 19, 47, 0, 430, 167, 20, '2024-01-28 12:39:53'),
(13, 19, 48, 0, 497, 233, 40, '2024-01-28 12:39:57'),
(61, 18, 63, 0, 439, 9, 4, '2024-01-28 12:40:23'),
(20, 18, 51, 0, 449, 101, 32, '2024-01-28 12:40:29'),
(60, 19, 46, 0, 461, 241, 43, '2024-01-28 12:40:29'),
(16, 14, 73, 0, 502, 6262, 377, '2024-01-28 12:40:29'),
(23, 18, 51, 0, 416, 306, 76, '2024-01-28 12:41:17'),
(54, 22, 40, 0, 428, 103, 1, '2024-01-28 12:41:24'),
(22, 19, 48, 0, 731, 109, 18, '2024-01-28 12:42:22'),
(21, 19, 46, 0, 434, 177, 27, '2024-01-28 12:42:23'),
(47, 18, 51, 0, 470, 249, 2, '2024-01-28 12:42:23'),
(19, 19, 50, 0, 418, 112, 37, '2024-01-28 12:42:49'),
(39, 19, 48, 0, 415, 184, 42, '2024-01-28 12:42:51'),
(28, 17, 52, 0, 419, 44, 1, '2024-01-28 12:44:10'),
(14, 21, 44, 0, 426, 277, 16, '2024-01-28 12:44:20'),
(48, 19, 50, 0, 439, 105, 12, '2024-01-28 12:44:20'),
(35, 19, 48, 0, 430, 129, 11, '2024-01-28 12:44:26'),
(55, 18, 51, 0, 419, 303, 42, '2024-01-28 12:44:39'),
(25, 19, 51, 0, 431, 463, 62, '2024-01-28 12:44:42'),
(27, 19, 49, 0, 458, 362, 174, '2024-01-28 12:44:52'),
(26, 18, 50, 0, 437, 105, 10, '2024-01-28 12:44:58'),
(49, 17, 55, 0, 429, 297, 42, '2024-01-28 12:45:13'),
(50, 25, 38, 0, 449, 118, 1, '2024-01-28 12:45:28'),
(29, 19, 49, 0, 438, 651, 24, '2024-01-28 12:45:54'),
(51, 17, 54, 0, 457, 270, 30, '2024-01-28 12:46:23'),
(52, 21, 43, 0, 487, 52, 9, '2024-01-28 12:46:44'),
(30, 20, 47, 0, 433, 177, 1005, '2024-01-28 12:46:49'),
(32, 20, 46, 0, 431, 558, 139, '2024-01-28 12:46:53'),
(53, 19, 47, 0, 430, 182, 13, '2024-01-28 12:46:56'),
(46, 18, 49, 0, 421, 185, 46, '2024-01-28 12:46:58'),
(44, 19, 48, 0, 419, 110, 11, '2024-01-28 12:47:22'),
(34, 19, 45, 0, 1682, 108, 33, '2024-01-28 12:47:24'),
(36, 18, 52, 0, 437, 178, 187, '2024-01-28 12:47:28'),
(33, 18, 50, 0, 448, 176, 12, '2024-01-28 12:47:28'),
(31, 21, 44, 0, 427, 355, 14, '2024-01-28 12:47:39'),
(40, 19, 49, 0, 446, 389, 74, '2024-01-28 12:48:19'),
(56, 18, 51, 0, 425, 157, 9, '2024-01-28 12:48:22'),
(45, 17, 57, 0, 443, 294, 1, '2024-01-28 12:48:23'),
(37, 20, 46, 0, 422, 700, 14, '2024-01-28 12:48:39'),
(38, 20, 47, 0, 427, 341, 13, '2024-01-28 12:48:52'),
(57, 18, 52, 0, 428, 723, 52, '2024-01-28 12:48:53'),
(42, 19, 48, 0, 439, 229, 14, '2024-01-28 12:49:17'),
(58, 19, 48, 0, 428, 81, 34, '2024-01-28 12:49:18'),
(24, 17, 52, 0, 426, 168, 22, '2024-01-28 12:49:24'),
(59, 19, 48, 0, 467, 182, 24, '2024-01-28 12:49:40'),
(18, 25, 33, 0, 401, 72, 54, '2024-01-28 12:49:44'),
(12, 19, 48, 0, 420, 167, 173, '2024-01-28 12:49:48'),
(15, 19, 46, 0, 430, 158, 11, '2024-01-28 12:49:49'),
(17, 19, 47, 0, 431, 165, 22, '2024-01-28 12:49:53'),
(17, 19, 47, 0, 431, 165, 22, '2024-01-28 12:49:55'),
(13, 19, 48, 0, 491, 235, 40, '2024-01-28 12:49:57'),
(61, 19, 63, 0, 447, 14, 2, '2024-01-28 12:50:24'),
(20, 18, 51, 0, 446, 102, 32, '2024-01-28 12:50:29'),
(60, 19, 46, 0, 463, 243, 43, '2024-01-28 12:50:29'),
(16, 14, 73, 0, 496, 6296, 372, '2024-01-28 12:50:29'),
(23, 18, 51, 0, 415, 307, 74, '2024-01-28 12:51:17'),
(54, 22, 40, 0, 436, 102, 1, '2024-01-28 12:51:23'),
(22, 19, 48, 0, 728, 109, 18, '2024-01-28 12:52:22'),
(21, 19, 46, 0, 435, 180, 25, '2024-01-28 12:52:23'),
(47, 18, 52, 0, 466, 252, 4, '2024-01-28 12:52:24'),
(19, 19, 50, 0, 418, 115, 39, '2024-01-28 12:52:49'),
(39, 19, 48, 0, 420, 184, 44, '2024-01-28 12:52:51'),
(28, 17, 52, 0, 420, 45, 1, '2024-01-28 12:54:10'),
(14, 21, 44, 0, 425, 277, 16, '2024-01-28 12:54:19'),
(48, 19, 50, 0, 438, 104, 12, '2024-01-28 12:54:20'),
(41, 19, 50, 0, 428, 243, 48, '2024-01-28 12:54:22'),
(35, 19, 48, 0, 427, 128, 11, '2024-01-28 12:54:25'),
(55, 18, 52, 0, 429, 304, 38, '2024-01-28 12:54:39'),
(25, 19, 51, 0, 429, 483, 60, '2024-01-28 12:54:43'),
(27, 19, 49, 0, 453, 367, 174, '2024-01-28 12:54:52'),
(26, 18, 50, 0, 433, 107, 12, '2024-01-28 12:54:58'),
(49, 17, 55, 0, 432, 298, 44, '2024-01-28 12:55:13'),
(50, 25, 41, 0, 445, 159, 1, '2024-01-28 12:55:28'),
(29, 19, 49, 0, 437, 669, 26, '2024-01-28 12:55:53'),
(51, 17, 54, 0, 453, 274, 29, '2024-01-28 12:56:24'),
(52, 21, 43, 0, 486, 54, 11, '2024-01-28 12:56:44'),
(30, 20, 47, 0, 433, 180, 1033, '2024-01-28 12:56:49'),
(32, 20, 46, 0, 427, 571, 143, '2024-01-28 12:56:53'),
(53, 19, 47, 0, 432, 182, 12, '2024-01-28 12:56:56'),
(46, 19, 49, 0, 428, 184, 56, '2024-01-28 12:56:58'),
(44, 19, 48, 0, 419, 113, 11, '2024-01-28 12:57:23'),
(34, 19, 45, 0, 1687, 110, 40, '2024-01-28 12:57:24'),
(36, 18, 52, 0, 436, 177, 196, '2024-01-28 12:57:29'),
(33, 18, 50, 0, 444, 178, 16, '2024-01-28 12:57:29'),
(31, 21, 44, 0, 431, 356, 14, '2024-01-28 12:57:39'),
(40, 19, 49, 0, 442, 412, 74, '2024-01-28 12:58:19'),
(56, 18, 51, 0, 434, 160, 7, '2024-01-28 12:58:22'),
(45, 17, 57, 0, 441, 296, 1, '2024-01-28 12:58:23'),
(37, 20, 46, 0, 423, 709, 16, '2024-01-28 12:58:39'),
(57, 18, 52, 0, 432, 732, 52, '2024-01-28 12:58:52'),
(38, 20, 48, 0, 423, 346, 13, '2024-01-28 12:58:53'),
(42, 19, 48, 0, 440, 230, 18, '2024-01-28 12:59:17'),
(58, 19, 48, 0, 430, 83, 43, '2024-01-28 12:59:19'),
(24, 17, 52, 0, 424, 168, 25, '2024-01-28 12:59:23'),
(59, 19, 48, 0, 468, 185, 34, '2024-01-28 12:59:41'),
(18, 25, 33, 0, 404, 73, 60, '2024-01-28 12:59:44'),
(15, 19, 46, 0, 436, 162, 13, '2024-01-28 12:59:49'),
(12, 19, 48, 0, 420, 167, 169, '2024-01-28 12:59:49'),
(17, 19, 47, 0, 431, 164, 22, '2024-01-28 12:59:54'),
(17, 19, 47, 0, 431, 164, 22, '2024-01-28 12:59:56'),
(13, 19, 48, 0, 497, 238, 45, '2024-01-28 12:59:58'),
(61, 19, 63, 0, 450, 18, 9, '2024-01-28 13:00:23'),
(20, 18, 51, 0, 453, 101, 34, '2024-01-28 13:00:28'),
(60, 19, 46, 0, 463, 244, 45, '2024-01-28 13:00:28'),
(16, 14, 72, 0, 499, 6299, 413, '2024-01-28 13:00:30'),
(23, 18, 51, 0, 417, 310, 74, '2024-01-28 13:01:17'),
(54, 22, 40, 0, 426, 101, 1, '2024-01-28 13:01:24'),
(22, 19, 48, 0, 729, 109, 18, '2024-01-28 13:02:22'),
(21, 19, 46, 0, 434, 182, 40, '2024-01-28 13:02:23'),
(47, 18, 52, 0, 467, 252, 4, '2024-01-28 13:02:24'),
(19, 19, 50, 0, 417, 116, 41, '2024-01-28 13:02:49'),
(39, 19, 48, 0, 418, 186, 55, '2024-01-28 13:02:51'),
(28, 17, 52, 0, 422, 45, 1, '2024-01-28 13:04:10'),
(48, 19, 50, 0, 437, 106, 16, '2024-01-28 13:04:19'),
(14, 21, 44, 0, 426, 279, 18, '2024-01-28 13:04:20'),
(41, 19, 50, 0, 433, 247, 49, '2024-01-28 13:04:23'),
(35, 19, 48, 0, 429, 130, 15, '2024-01-28 13:04:25'),
(55, 18, 52, 0, 421, 308, 40, '2024-01-28 13:04:40'),
(25, 19, 51, 0, 435, 529, 70, '2024-01-28 13:04:43'),
(27, 19, 49, 0, 455, 373, 260, '2024-01-28 13:04:53'),
(26, 18, 50, 0, 433, 108, 12, '2024-01-28 13:04:58'),
(49, 17, 55, 0, 431, 299, 43, '2024-01-28 13:05:14'),
(50, 25, 35, 0, 440, 96, 1, '2024-01-28 13:05:29'),
(29, 19, 48, 0, 440, 691, 40, '2024-01-28 13:05:53'),
(51, 17, 54, 0, 455, 275, 31, '2024-01-28 13:06:23'),
(52, 21, 43, 0, 487, 54, 27, '2024-01-28 13:06:45'),
(30, 20, 47, 0, 435, 180, 1089, '2024-01-28 13:06:48'),
(32, 20, 46, 0, 427, 589, 181, '2024-01-28 13:06:54'),
(53, 19, 47, 0, 430, 183, 16, '2024-01-28 13:06:55'),
(46, 19, 49, 0, 424, 186, 83, '2024-01-28 13:06:58'),
(44, 19, 49, 0, 424, 115, 13, '2024-01-28 13:07:23'),
(34, 19, 45, 0, 1682, 111, 65, '2024-01-28 13:07:24'),
(36, 18, 52, 0, 432, 176, 230, '2024-01-28 13:07:29'),
(33, 18, 50, 0, 442, 178, 19, '2024-01-28 13:07:29'),
(31, 21, 44, 0, 425, 358, 21, '2024-01-28 13:07:40'),
(40, 19, 49, 0, 437, 420, 79, '2024-01-28 13:08:20'),
(56, 18, 51, 0, 430, 160, 16, '2024-01-28 13:08:22'),
(45, 17, 57, 0, 445, 298, 1, '2024-01-28 13:08:23'),
(37, 20, 46, 0, 421, 724, 25, '2024-01-28 13:08:39'),
(57, 18, 52, 0, 429, 742, 70, '2024-01-28 13:08:52'),
(38, 19, 48, 0, 424, 347, 13, '2024-01-28 13:08:53'),
(42, 19, 48, 0, 436, 231, 16, '2024-01-28 13:09:17'),
(58, 19, 48, 0, 431, 82, 70, '2024-01-28 13:09:19'),
(24, 17, 52, 0, 424, 169, 25, '2024-01-28 13:09:24'),
(18, 25, 33, 0, 404, 73, 76, '2024-01-28 13:09:43'),
(15, 19, 46, 0, 432, 163, 20, '2024-01-28 13:09:49'),
(12, 19, 48, 0, 422, 176, 184, '2024-01-28 13:09:49'),
(17, 19, 47, 0, 434, 165, 40, '2024-01-28 13:09:53'),
(13, 19, 48, 0, 494, 239, 74, '2024-01-28 13:09:57'),
(61, 19, 63, 0, 452, 20, 13, '2024-01-28 13:10:23'),
(20, 18, 51, 0, 449, 103, 41, '2024-01-28 13:10:28'),
(60, 19, 46, 0, 463, 245, 48, '2024-01-28 13:10:29'),
(16, 14, 72, 0, 492, 6292, 481, '2024-01-28 13:10:30'),
(23, 18, 51, 0, 419, 312, 76, '2024-01-28 13:11:18'),
(54, 22, 40, 0, 427, 104, 1, '2024-01-28 13:11:24'),
(22, 19, 48, 0, 726, 109, 21, '2024-01-28 13:12:22'),
(21, 19, 46, 0, 435, 187, 65, '2024-01-28 13:12:23'),
(47, 18, 52, 0, 480, 254, 4, '2024-01-28 13:12:23'),
(19, 19, 50, 0, 416, 118, 44, '2024-01-28 13:12:49'),
(39, 19, 47, 0, 418, 187, 77, '2024-01-28 13:12:51'),
(28, 17, 52, 0, 420, 47, 1, '2024-01-28 13:14:10'),
(14, 21, 44, 0, 431, 283, 23, '2024-01-28 13:14:20'),
(48, 19, 50, 0, 441, 106, 16, '2024-01-28 13:14:20'),
(41, 19, 50, 0, 433, 253, 42, '2024-01-28 13:14:22'),
(35, 19, 48, 0, 422, 131, 24, '2024-01-28 13:14:26'),
(55, 18, 52, 0, 419, 310, 39, '2024-01-28 13:14:39'),
(25, 19, 51, 0, 436, 554, 79, '2024-01-28 13:14:42'),
(27, 19, 49, 0, 454, 386, 389, '2024-01-28 13:14:52'),
(26, 18, 50, 0, 437, 108, 12, '2024-01-28 13:14:58'),
(49, 17, 55, 0, 431, 299, 49, '2024-01-28 13:15:13'),
(50, 25, 42, 0, 451, 156, 1, '2024-01-28 13:15:28'),
(29, 20, 48, 0, 442, 733, 59, '2024-01-28 13:15:54'),
(51, 17, 54, 0, 460, 276, 33, '2024-01-28 13:16:23'),
(52, 21, 43, 0, 486, 53, 43, '2024-01-28 13:16:44'),
(30, 20, 47, 0, 429, 183, 1161, '2024-01-28 13:16:49'),
(32, 20, 46, 0, 427, 620, 202, '2024-01-28 13:16:53'),
(53, 19, 47, 0, 427, 184, 16, '2024-01-28 13:16:56'),
(46, 19, 49, 0, 423, 187, 88, '2024-01-28 13:16:58'),
(44, 19, 49, 0, 427, 115, 20, '2024-01-28 13:17:23'),
(34, 20, 45, 0, 1684, 114, 94, '2024-01-28 13:17:24'),
(36, 18, 52, 0, 428, 177, 265, '2024-01-28 13:17:28'),
(33, 18, 50, 0, 441, 179, 20, '2024-01-28 13:17:29'),
(31, 21, 44, 0, 426, 363, 30, '2024-01-28 13:17:40'),
(40, 19, 49, 0, 444, 453, 83, '2024-01-28 13:18:19'),
(56, 18, 51, 0, 423, 160, 20, '2024-01-28 13:18:20'),
(45, 17, 57, 0, 442, 299, 1, '2024-01-28 13:18:23'),
(37, 20, 46, 0, 421, 757, 28, '2024-01-28 13:18:40'),
(38, 20, 48, 0, 423, 351, 13, '2024-01-28 13:18:52'),
(57, 18, 52, 0, 434, 755, 81, '2024-01-28 13:18:53'),
(42, 19, 48, 0, 434, 232, 16, '2024-01-28 13:19:17'),
(58, 19, 48, 0, 430, 81, 82, '2024-01-28 13:19:18'),
(24, 17, 52, 0, 424, 170, 29, '2024-01-28 13:19:24'),
(59, 19, 48, 0, 462, 193, 75, '2024-01-28 13:19:40'),
(18, 25, 33, 0, 403, 76, 82, '2024-01-28 13:19:44'),
(15, 19, 46, 0, 431, 164, 27, '2024-01-28 13:19:48'),
(12, 19, 48, 0, 421, 186, 202, '2024-01-28 13:19:49'),
(17, 19, 47, 0, 431, 167, 50, '2024-01-28 13:19:53'),
(17, 19, 47, 0, 431, 167, 50, '2024-01-28 13:19:55'),
(13, 19, 48, 0, 492, 242, 103, '2024-01-28 13:19:57'),
(61, 19, 63, 0, 449, 25, 13, '2024-01-28 13:20:24'),
(20, 18, 51, 0, 453, 103, 42, '2024-01-28 13:20:29'),
(60, 19, 46, 0, 462, 245, 54, '2024-01-28 13:20:29'),
(16, 14, 72, 0, 491, 6347, 547, '2024-01-28 13:20:29'),
(23, 18, 51, 0, 416, 311, 75, '2024-01-28 13:21:17'),
(54, 22, 40, 0, 430, 103, 1, '2024-01-28 13:21:23'),
(22, 19, 48, 0, 728, 111, 22, '2024-01-28 13:22:22'),
(21, 19, 46, 0, 432, 194, 71, '2024-01-28 13:22:23'),
(47, 18, 52, 0, 469, 256, 4, '2024-01-28 13:22:24'),
(19, 19, 50, 0, 417, 118, 43, '2024-01-28 13:22:49'),
(39, 19, 47, 0, 420, 187, 65, '2024-01-28 13:22:51'),
(28, 17, 52, 0, 415, 48, 1, '2024-01-28 13:24:10'),
(14, 21, 44, 0, 421, 287, 23, '2024-01-28 13:24:19'),
(41, 19, 50, 0, 436, 255, 37, '2024-01-28 13:24:22'),
(35, 19, 48, 0, 425, 136, 24, '2024-01-28 13:24:25'),
(55, 18, 52, 0, 424, 313, 34, '2024-01-28 13:24:39'),
(25, 19, 51, 0, 436, 561, 72, '2024-01-28 13:24:42'),
(27, 19, 49, 0, 456, 425, 412, '2024-01-28 13:24:52'),
(26, 18, 50, 0, 434, 109, 14, '2024-01-28 13:24:58'),
(49, 17, 55, 0, 434, 298, 47, '2024-01-28 13:25:13'),
(50, 25, 41, 0, 443, 152, 1, '2024-01-28 13:25:28'),
(29, 20, 48, 0, 440, 766, 63, '2024-01-28 13:25:54'),
(51, 17, 54, 0, 450, 280, 33, '2024-01-28 13:26:24'),
(52, 21, 43, 0, 488, 55, 37, '2024-01-28 13:26:44'),
(30, 20, 47, 0, 432, 182, 1179, '2024-01-28 13:26:49'),
(32, 20, 46, 0, 429, 650, 200, '2024-01-28 13:26:53'),
(53, 19, 48, 0, 428, 185, 18, '2024-01-28 13:26:56'),
(46, 19, 49, 0, 424, 191, 86, '2024-01-28 13:26:58'),
(44, 19, 49, 0, 420, 113, 18, '2024-01-28 13:27:23'),
(36, 18, 52, 0, 432, 180, 254, '2024-01-28 13:27:29'),
(33, 18, 50, 0, 443, 180, 19, '2024-01-28 13:27:29'),
(31, 21, 44, 0, 425, 369, 26, '2024-01-28 13:27:39'),
(40, 19, 49, 0, 445, 465, 83, '2024-01-28 13:28:19'),
(56, 18, 51, 0, 435, 162, 16, '2024-01-28 13:28:19'),
(45, 17, 58, 0, 443, 301, 1, '2024-01-28 13:28:23'),
(37, 20, 46, 0, 425, 781, 28, '2024-01-28 13:28:39'),
(38, 20, 48, 0, 424, 353, 13, '2024-01-28 13:28:52'),
(57, 18, 52, 0, 429, 783, 72, '2024-01-28 13:28:52'),
(42, 19, 48, 0, 435, 232, 20, '2024-01-28 13:29:17'),
(58, 19, 48, 0, 427, 83, 70, '2024-01-28 13:29:19'),
(24, 17, 52, 0, 427, 169, 25, '2024-01-28 13:29:23'),
(59, 19, 48, 0, 470, 198, 82, '2024-01-28 13:29:41'),
(18, 25, 34, 0, 407, 75, 62, '2024-01-28 13:29:44'),
(15, 20, 46, 0, 433, 172, 29, '2024-01-28 13:29:48'),
(12, 19, 48, 0, 420, 197, 172, '2024-01-28 13:29:49'),
(17, 19, 47, 0, 432, 170, 45, '2024-01-28 13:29:53'),
(17, 19, 47, 0, 432, 170, 45, '2024-01-28 13:29:55'),
(13, 19, 48, 0, 496, 247, 97, '2024-01-28 13:29:58'),
(61, 19, 63, 0, 447, 36, 7, '2024-01-28 13:30:24'),
(20, 18, 51, 0, 450, 104, 41, '2024-01-28 13:30:28'),
(60, 19, 46, 0, 464, 247, 52, '2024-01-28 13:30:29'),
(16, 14, 71, 0, 490, 6508, 550, '2024-01-28 13:30:29'),
(23, 18, 51, 0, 423, 312, 71, '2024-01-28 13:31:17'),
(54, 22, 41, 0, 426, 104, 1, '2024-01-28 13:31:24'),
(22, 19, 48, 0, 723, 111, 18, '2024-01-28 13:32:22'),
(21, 19, 46, 0, 435, 203, 74, '2024-01-28 13:32:23'),
(47, 18, 52, 0, 468, 256, 2, '2024-01-28 13:32:24'),
(19, 19, 50, 0, 416, 120, 39, '2024-01-28 13:32:49'),
(39, 19, 47, 0, 417, 189, 62, '2024-01-28 13:32:51'),
(28, 17, 53, 0, 418, 48, 1, '2024-01-28 13:34:10'),
(14, 21, 44, 0, 425, 290, 22, '2024-01-28 13:34:19'),
(41, 19, 50, 0, 431, 263, 34, '2024-01-28 13:34:23'),
(35, 19, 48, 0, 425, 140, 25, '2024-01-28 13:34:25'),
(55, 18, 52, 0, 424, 315, 27, '2024-01-28 13:34:40'),
(25, 19, 51, 0, 435, 590, 71, '2024-01-28 13:34:43'),
(27, 19, 49, 0, 449, 518, 405, '2024-01-28 13:34:52'),
(26, 18, 50, 0, 436, 110, 14, '2024-01-28 13:34:58'),
(49, 17, 55, 0, 432, 300, 45, '2024-01-28 13:35:14'),
(50, 25, 41, 0, 446, 153, 1, '2024-01-28 13:35:29'),
(29, 20, 48, 0, 435, 819, 54, '2024-01-28 13:35:53'),
(51, 17, 54, 0, 459, 279, 31, '2024-01-28 13:36:23'),
(52, 21, 43, 0, 487, 58, 11, '2024-01-28 13:36:44'),
(30, 20, 47, 0, 436, 189, 1112, '2024-01-28 13:36:49'),
(32, 20, 45, 0, 429, 680, 177, '2024-01-28 13:36:53'),
(53, 19, 48, 0, 427, 185, 14, '2024-01-28 13:36:55'),
(46, 19, 49, 0, 423, 197, 91, '2024-01-28 13:36:58'),
(44, 19, 49, 0, 420, 113, 22, '2024-01-28 13:37:23'),
(34, 20, 45, 0, 1679, 122, 81, '2024-01-28 13:37:24'),
(36, 18, 52, 0, 429, 184, 233, '2024-01-28 13:37:29'),
(33, 18, 50, 0, 445, 181, 17, '2024-01-28 13:37:29'),
(31, 21, 43, 0, 423, 374, 28, '2024-01-28 13:37:39'),
(40, 19, 49, 0, 444, 506, 76, '2024-01-28 13:38:19'),
(56, 18, 51, 0, 428, 164, 16, '2024-01-28 13:38:20'),
(45, 17, 58, 0, 441, 303, 1, '2024-01-28 13:38:23'),
(37, 20, 46, 0, 420, 808, 29, '2024-01-28 13:38:39'),
(57, 18, 52, 0, 434, 808, 71, '2024-01-28 13:38:52'),
(38, 19, 48, 0, 423, 356, 15, '2024-01-28 13:38:53'),
(42, 19, 48, 0, 436, 234, 16, '2024-01-28 13:39:17'),
(58, 19, 48, 0, 428, 85, 65, '2024-01-28 13:39:19'),
(24, 17, 52, 0, 423, 170, 20, '2024-01-28 13:39:24'),
(59, 19, 48, 0, 468, 202, 113, '2024-01-28 13:39:40'),
(18, 25, 33, 0, 403, 70, 75, '2024-01-28 13:39:44'),
(15, 20, 46, 0, 428, 176, 27, '2024-01-28 13:39:48'),
(12, 19, 48, 0, 416, 205, 167, '2024-01-28 13:39:49'),
(17, 20, 46, 0, 431, 174, 43, '2024-01-28 13:39:53'),
(13, 19, 48, 0, 499, 248, 92, '2024-01-28 13:39:58'),
(61, 19, 62, 0, 442, 44, 9, '2024-01-28 13:40:23'),
(20, 18, 51, 0, 445, 105, 39, '2024-01-28 13:40:28'),
(16, 14, 71, 0, 487, 6626, 534, '2024-01-28 13:40:30'),
(23, 18, 51, 0, 415, 312, 66, '2024-01-28 13:41:18'),
(54, 22, 41, 0, 424, 102, 1, '2024-01-28 13:41:24'),
(22, 19, 48, 0, 728, 111, 18, '2024-01-28 13:42:22'),
(21, 20, 46, 0, 435, 206, 70, '2024-01-28 13:42:23'),
(47, 18, 52, 0, 468, 257, 2, '2024-01-28 13:42:24'),
(19, 19, 50, 0, 415, 121, 38, '2024-01-28 13:42:50'),
(39, 19, 47, 0, 413, 189, 55, '2024-01-28 13:42:50'),
(28, 17, 53, 0, 418, 48, 1, '2024-01-28 13:44:10'),
(14, 21, 44, 0, 429, 293, 25, '2024-01-28 13:44:20'),
(41, 19, 50, 0, 433, 262, 31, '2024-01-28 13:44:23'),
(35, 19, 49, 0, 425, 144, 25, '2024-01-28 13:44:26'),
(55, 18, 52, 0, 427, 317, 24, '2024-01-28 13:44:39'),
(25, 19, 51, 0, 435, 588, 89, '2024-01-28 13:44:42'),
(27, 20, 48, 0, 451, 591, 481, '2024-01-28 13:44:52'),
(26, 18, 51, 0, 433, 111, 14, '2024-01-28 13:44:58'),
(49, 17, 55, 0, 430, 300, 45, '2024-01-28 13:45:14'),
(50, 25, 39, 0, 451, 122, 1, '2024-01-28 13:45:29'),
(29, 20, 47, 0, 437, 854, 66, '2024-01-28 13:45:54'),
(51, 17, 54, 0, 452, 280, 29, '2024-01-28 13:46:23'),
(52, 21, 43, 0, 476, 58, 4, '2024-01-28 13:46:45'),
(30, 20, 47, 0, 427, 183, 1106, '2024-01-28 13:46:48'),
(32, 21, 45, 0, 429, 705, 177, '2024-01-28 13:46:53'),
(53, 19, 48, 0, 422, 185, 18, '2024-01-28 13:46:55'),
(46, 19, 49, 0, 424, 200, 91, '2024-01-28 13:46:58'),
(44, 19, 49, 0, 422, 116, 22, '2024-01-28 13:47:23'),
(34, 20, 45, 0, 1683, 126, 79, '2024-01-28 13:47:24'),
(36, 18, 52, 0, 432, 185, 204, '2024-01-28 13:47:29'),
(33, 18, 50, 0, 444, 182, 17, '2024-01-28 13:47:29'),
(31, 21, 43, 0, 423, 378, 28, '2024-01-28 13:47:40'),
(40, 19, 49, 0, 443, 513, 76, '2024-01-28 13:48:20'),
(56, 18, 51, 0, 429, 167, 18, '2024-01-28 13:48:20'),
(45, 17, 58, 0, 440, 302, 1, '2024-01-28 13:48:23'),
(37, 20, 46, 0, 425, 823, 27, '2024-01-28 13:48:40'),
(57, 18, 52, 0, 429, 810, 64, '2024-01-28 13:48:52'),
(38, 19, 48, 0, 426, 355, 11, '2024-01-28 13:48:52'),
(42, 19, 48, 0, 435, 232, 18, '2024-01-28 13:49:18'),
(58, 19, 48, 0, 426, 85, 54, '2024-01-28 13:49:18'),
(24, 17, 52, 0, 425, 170, 17, '2024-01-28 13:49:24'),
(59, 19, 48, 0, 465, 203, 145, '2024-01-28 13:49:40'),
(18, 25, 34, 0, 400, 73, 55, '2024-01-28 13:49:43'),
(15, 20, 46, 0, 435, 179, 24, '2024-01-28 13:49:48'),
(12, 19, 48, 0, 418, 211, 142, '2024-01-28 13:49:49'),
(17, 20, 46, 0, 436, 177, 40, '2024-01-28 13:49:53'),
(17, 20, 46, 0, 436, 177, 40, '2024-01-28 13:49:55'),
(13, 19, 48, 0, 491, 254, 71, '2024-01-28 13:49:57'),
(61, 20, 62, 0, 443, 47, 4, '2024-01-28 13:50:24'),
(20, 18, 51, 0, 451, 105, 36, '2024-01-28 13:50:29'),
(60, 19, 46, 0, 466, 247, 43, '2024-01-28 13:50:29'),
(16, 14, 70, 0, 485, 6456, 488, '2024-01-28 13:50:29'),
(23, 18, 51, 0, 415, 310, 59, '2024-01-28 13:51:10'),
(54, 22, 41, 0, 428, 103, 1, '2024-01-28 13:51:24'),
(22, 19, 48, 0, 725, 112, 14, '2024-01-28 13:52:22');
INSERT INTO `Donnes` (`idDevice`, `temperature`, `humidity`, `activity`, `co2`, `tvoc`, `illumination`, `time`) VALUES
(21, 20, 46, 0, 433, 211, 47, '2024-01-28 13:52:23'),
(47, 18, 52, 0, 478, 259, 2, '2024-01-28 13:52:24'),
(19, 19, 50, 0, 416, 120, 33, '2024-01-28 13:52:49'),
(39, 20, 47, 0, 417, 191, 37, '2024-01-28 13:52:51'),
(28, 17, 53, 0, 419, 48, 1, '2024-01-28 13:54:10'),
(41, 19, 50, 0, 435, 261, 24, '2024-01-28 13:54:22'),
(14, 21, 44, 0, 424, 297, 20, '2024-01-28 13:54:24'),
(35, 19, 49, 0, 425, 148, 13, '2024-01-28 13:54:26'),
(55, 18, 52, 0, 422, 313, 17, '2024-01-28 13:54:39'),
(25, 19, 51, 0, 433, 619, 72, '2024-01-28 13:54:42'),
(27, 20, 48, 0, 451, 626, 282, '2024-01-28 13:54:52'),
(26, 18, 51, 0, 438, 110, 11, '2024-01-28 13:54:58'),
(49, 17, 55, 0, 426, 299, 36, '2024-01-28 13:55:13'),
(50, 25, 39, 0, 452, 146, 1, '2024-01-28 13:55:28'),
(29, 20, 47, 0, 440, 889, 31, '2024-01-28 13:55:54'),
(51, 17, 54, 0, 454, 279, 24, '2024-01-28 13:56:24'),
(52, 21, 43, 0, 486, 60, 4, '2024-01-28 13:56:44'),
(30, 20, 47, 0, 435, 187, 918, '2024-01-28 13:56:49'),
(32, 21, 45, 0, 428, 717, 112, '2024-01-28 13:56:53'),
(53, 19, 48, 0, 423, 186, 11, '2024-01-28 13:56:56'),
(46, 19, 49, 0, 417, 204, 38, '2024-01-28 13:56:58'),
(44, 19, 49, 0, 426, 122, 11, '2024-01-28 13:57:22'),
(34, 20, 45, 0, 1681, 129, 35, '2024-01-28 13:57:24'),
(33, 18, 50, 0, 443, 182, 10, '2024-01-28 13:57:28'),
(36, 18, 52, 0, 431, 185, 144, '2024-01-28 13:57:29'),
(31, 22, 43, 0, 423, 381, 18, '2024-01-28 13:57:39'),
(40, 19, 49, 0, 437, 458, 60, '2024-01-28 13:58:19'),
(56, 18, 51, 0, 422, 167, 7, '2024-01-28 13:58:19'),
(45, 17, 58, 0, 445, 303, 1, '2024-01-28 13:58:23'),
(37, 20, 46, 0, 425, 840, 16, '2024-01-28 13:58:39'),
(38, 19, 48, 0, 421, 353, 9, '2024-01-28 13:58:52'),
(57, 18, 52, 0, 426, 819, 38, '2024-01-28 13:58:52'),
(42, 19, 48, 0, 441, 229, 13, '2024-01-28 13:59:17'),
(58, 19, 48, 0, 429, 87, 25, '2024-01-28 13:59:18'),
(24, 17, 52, 0, 422, 170, 13, '2024-01-28 13:59:23'),
(59, 19, 48, 0, 473, 205, 23, '2024-01-28 13:59:40'),
(18, 25, 33, 0, 411, 71, 42, '2024-01-28 13:59:44'),
(12, 19, 48, 0, 417, 216, 88, '2024-01-28 13:59:48'),
(15, 20, 46, 0, 430, 183, 9, '2024-01-28 13:59:49'),
(17, 20, 46, 0, 430, 179, 18, '2024-01-28 13:59:53'),
(17, 20, 46, 0, 430, 179, 18, '2024-01-28 13:59:55'),
(13, 19, 48, 0, 496, 256, 31, '2024-01-28 13:59:58'),
(61, 20, 61, 0, 447, 47, 4, '2024-01-28 14:00:24'),
(20, 18, 52, 0, 454, 107, 27, '2024-01-28 14:00:29'),
(60, 19, 46, 0, 463, 249, 31, '2024-01-28 14:00:29'),
(16, 14, 70, 0, 486, 6168, 293, '2024-01-28 14:00:29'),
(23, 18, 51, 0, 421, 309, 52, '2024-01-28 14:01:10'),
(54, 22, 41, 0, 425, 102, 1, '2024-01-28 14:01:24'),
(22, 19, 48, 0, 725, 111, 11, '2024-01-28 14:02:22'),
(21, 20, 46, 0, 431, 214, 20, '2024-01-28 14:02:24'),
(47, 18, 52, 0, 469, 261, 2, '2024-01-28 14:02:24'),
(19, 19, 50, 0, 417, 119, 27, '2024-01-28 14:02:49'),
(39, 20, 47, 0, 417, 193, 24, '2024-01-28 14:02:51'),
(28, 17, 53, 0, 415, 48, 1, '2024-01-28 14:04:10'),
(41, 19, 50, 0, 433, 257, 19, '2024-01-28 14:04:22'),
(14, 21, 43, 0, 424, 297, 13, '2024-01-28 14:04:23'),
(35, 19, 49, 0, 424, 151, 6, '2024-01-28 14:04:25'),
(48, 19, 51, 0, 437, 108, 9, '2024-01-28 14:04:28'),
(55, 18, 52, 0, 422, 309, 17, '2024-01-28 14:04:40'),
(25, 19, 51, 0, 427, 673, 49, '2024-01-28 14:04:43'),
(27, 20, 48, 0, 453, 649, 143, '2024-01-28 14:04:52'),
(26, 18, 51, 0, 435, 112, 9, '2024-01-28 14:04:58'),
(49, 17, 55, 0, 431, 300, 33, '2024-01-28 14:05:14'),
(50, 25, 37, 0, 455, 102, 1, '2024-01-28 14:05:28'),
(29, 20, 47, 0, 438, 881, 16, '2024-01-28 14:05:53'),
(51, 17, 54, 0, 456, 283, 20, '2024-01-28 14:06:24'),
(52, 21, 43, 0, 482, 61, 4, '2024-01-28 14:06:44'),
(30, 20, 47, 0, 430, 185, 792, '2024-01-28 14:06:49'),
(32, 21, 45, 0, 426, 717, 84, '2024-01-28 14:06:53'),
(53, 19, 48, 0, 420, 186, 9, '2024-01-28 14:06:54'),
(46, 19, 49, 0, 420, 204, 16, '2024-01-28 14:06:59'),
(44, 19, 49, 0, 420, 125, 6, '2024-01-28 14:07:23'),
(34, 20, 45, 0, 1677, 130, 11, '2024-01-28 14:07:24'),
(36, 18, 52, 0, 428, 186, 119, '2024-01-28 14:07:29'),
(33, 18, 50, 0, 449, 183, 9, '2024-01-28 14:07:29'),
(31, 22, 43, 0, 425, 378, 11, '2024-01-28 14:07:39'),
(40, 19, 49, 0, 438, 431, 53, '2024-01-28 14:08:19'),
(56, 18, 51, 0, 426, 169, 2, '2024-01-28 14:08:20'),
(45, 17, 58, 0, 446, 305, 1, '2024-01-28 14:08:23'),
(37, 20, 46, 0, 424, 823, 9, '2024-01-28 14:08:39'),
(57, 18, 52, 0, 430, 815, 27, '2024-01-28 14:08:52'),
(38, 19, 48, 0, 424, 349, 6, '2024-01-28 14:08:53'),
(42, 19, 48, 0, 440, 227, 9, '2024-01-28 14:09:18'),
(58, 19, 48, 0, 425, 88, 16, '2024-01-28 14:09:19'),
(24, 17, 52, 0, 424, 170, 11, '2024-01-28 14:09:23'),
(59, 19, 48, 0, 467, 206, 7, '2024-01-28 14:09:40'),
(18, 25, 33, 0, 407, 76, 33, '2024-01-28 14:09:44'),
(15, 20, 46, 0, 426, 184, 6, '2024-01-28 14:09:49'),
(12, 19, 48, 0, 422, 215, 72, '2024-01-28 14:09:49'),
(17, 20, 46, 0, 431, 181, 11, '2024-01-28 14:09:53'),
(13, 19, 48, 0, 493, 257, 17, '2024-01-28 14:09:54'),
(61, 20, 61, 0, 444, 44, 2, '2024-01-28 14:10:23'),
(20, 18, 52, 0, 451, 107, 22, '2024-01-28 14:10:28'),
(16, 14, 70, 0, 487, 5469, 239, '2024-01-28 14:10:30'),
(23, 18, 51, 0, 417, 305, 47, '2024-01-28 14:11:10'),
(54, 22, 41, 0, 427, 103, 1, '2024-01-28 14:11:24'),
(22, 19, 48, 0, 728, 113, 9, '2024-01-28 14:12:21'),
(21, 20, 46, 0, 436, 215, 11, '2024-01-28 14:12:24'),
(47, 18, 52, 0, 465, 261, 2, '2024-01-28 14:12:24'),
(39, 20, 47, 0, 416, 194, 20, '2024-01-28 14:12:50'),
(19, 19, 50, 0, 414, 115, 22, '2024-01-28 14:12:50'),
(28, 17, 53, 0, 419, 48, 1, '2024-01-28 14:14:10'),
(41, 19, 50, 0, 437, 254, 19, '2024-01-28 14:14:23'),
(14, 21, 43, 0, 425, 296, 11, '2024-01-28 14:14:24'),
(35, 19, 49, 0, 422, 150, 6, '2024-01-28 14:14:25'),
(55, 18, 52, 0, 420, 310, 19, '2024-01-28 14:14:39'),
(25, 19, 51, 0, 429, 707, 40, '2024-01-28 14:14:43'),
(27, 20, 48, 0, 454, 633, 104, '2024-01-28 14:14:52'),
(26, 18, 51, 0, 437, 115, 7, '2024-01-28 14:14:58'),
(49, 17, 55, 0, 431, 299, 31, '2024-01-28 14:15:14'),
(50, 25, 41, 0, 449, 162, 1, '2024-01-28 14:15:29'),
(29, 20, 47, 0, 434, 865, 10, '2024-01-28 14:15:53'),
(51, 17, 54, 0, 453, 282, 21, '2024-01-28 14:16:23'),
(52, 21, 43, 0, 485, 62, 4, '2024-01-28 14:16:45'),
(30, 20, 47, 0, 431, 178, 721, '2024-01-28 14:16:48'),
(53, 19, 48, 0, 427, 187, 9, '2024-01-28 14:16:53'),
(32, 21, 45, 0, 427, 689, 77, '2024-01-28 14:16:54'),
(46, 19, 49, 0, 416, 203, 11, '2024-01-28 14:16:58'),
(44, 19, 49, 0, 419, 123, 2, '2024-01-28 14:17:23'),
(34, 20, 45, 0, 1675, 129, 11, '2024-01-28 14:17:24'),
(36, 18, 52, 0, 430, 184, 112, '2024-01-28 14:17:29'),
(33, 18, 50, 0, 442, 184, 7, '2024-01-28 14:17:29'),
(31, 22, 43, 0, 426, 377, 7, '2024-01-28 14:17:40'),
(40, 19, 49, 0, 440, 404, 49, '2024-01-28 14:18:20'),
(56, 18, 51, 0, 427, 167, 4, '2024-01-28 14:18:20'),
(45, 17, 58, 0, 442, 305, 1, '2024-01-28 14:18:23'),
(37, 20, 46, 0, 423, 815, 9, '2024-01-28 14:18:39'),
(57, 18, 52, 0, 426, 827, 23, '2024-01-28 14:18:52'),
(38, 19, 48, 0, 422, 344, 6, '2024-01-28 14:18:53'),
(42, 19, 48, 0, 439, 225, 7, '2024-01-28 14:19:17'),
(58, 19, 48, 0, 425, 87, 13, '2024-01-28 14:19:19'),
(24, 17, 52, 0, 422, 169, 11, '2024-01-28 14:19:24'),
(59, 19, 48, 0, 466, 206, 9, '2024-01-28 14:19:40'),
(18, 25, 33, 0, 404, 73, 26, '2024-01-28 14:19:43'),
(15, 20, 46, 0, 429, 182, 4, '2024-01-28 14:19:49'),
(12, 19, 48, 0, 416, 210, 66, '2024-01-28 14:19:49'),
(17, 20, 46, 0, 432, 181, 9, '2024-01-28 14:19:53'),
(13, 19, 48, 0, 494, 257, 11, '2024-01-28 14:19:53'),
(17, 20, 46, 0, 432, 181, 9, '2024-01-28 14:19:56'),
(61, 20, 61, 0, 446, 37, 0, '2024-01-28 14:20:24'),
(20, 18, 52, 0, 452, 106, 22, '2024-01-28 14:20:28'),
(60, 19, 46, 0, 465, 249, 27, '2024-01-28 14:20:29'),
(16, 14, 70, 0, 487, 4752, 212, '2024-01-28 14:20:30'),
(23, 18, 51, 0, 418, 303, 45, '2024-01-28 14:21:10'),
(54, 22, 41, 0, 426, 105, 1, '2024-01-28 14:21:29'),
(22, 19, 48, 0, 725, 112, 9, '2024-01-28 14:22:22'),
(21, 20, 46, 0, 433, 214, 6, '2024-01-28 14:22:23'),
(47, 18, 52, 0, 468, 262, 0, '2024-01-28 14:22:23'),
(39, 20, 47, 0, 417, 192, 19, '2024-01-28 14:22:49'),
(19, 19, 50, 0, 417, 110, 20, '2024-01-28 14:22:49'),
(28, 17, 53, 0, 419, 49, 1, '2024-01-28 14:24:10'),
(41, 19, 50, 0, 434, 245, 20, '2024-01-28 14:24:22'),
(14, 21, 43, 0, 428, 293, 9, '2024-01-28 14:24:24'),
(35, 19, 49, 0, 424, 147, 4, '2024-01-28 14:24:29'),
(55, 18, 52, 0, 418, 307, 17, '2024-01-28 14:24:39'),
(25, 19, 51, 0, 436, 712, 35, '2024-01-28 14:24:42'),
(27, 20, 48, 0, 450, 564, 86, '2024-01-28 14:24:52'),
(26, 18, 51, 0, 436, 115, 5, '2024-01-28 14:24:58'),
(49, 17, 55, 0, 428, 298, 27, '2024-01-28 14:25:13'),
(50, 25, 41, 0, 458, 146, 1, '2024-01-28 14:25:28'),
(29, 20, 47, 0, 439, 832, 9, '2024-01-28 14:25:54'),
(51, 17, 54, 0, 454, 283, 17, '2024-01-28 14:26:23'),
(52, 21, 43, 0, 481, 61, 2, '2024-01-28 14:26:44'),
(30, 20, 47, 0, 428, 172, 658, '2024-01-28 14:26:49'),
(32, 21, 45, 0, 429, 664, 69, '2024-01-28 14:26:53'),
(53, 19, 48, 0, 426, 188, 7, '2024-01-28 14:26:54'),
(46, 19, 49, 0, 423, 202, 9, '2024-01-28 14:26:54'),
(44, 19, 49, 0, 417, 120, 2, '2024-01-28 14:27:22'),
(34, 20, 45, 0, 1679, 128, 4, '2024-01-28 14:27:23'),
(36, 18, 52, 0, 431, 184, 110, '2024-01-28 14:27:28'),
(33, 18, 50, 0, 443, 181, 9, '2024-01-28 14:27:29'),
(31, 21, 43, 0, 426, 374, 6, '2024-01-28 14:27:39'),
(40, 19, 49, 0, 437, 386, 44, '2024-01-28 14:28:19'),
(56, 18, 51, 0, 422, 167, 2, '2024-01-28 14:28:19'),
(45, 17, 58, 0, 439, 305, 1, '2024-01-28 14:28:24'),
(37, 20, 46, 0, 417, 800, 6, '2024-01-28 14:28:39'),
(38, 19, 48, 0, 428, 340, 6, '2024-01-28 14:28:52'),
(57, 18, 53, 0, 431, 824, 19, '2024-01-28 14:28:53'),
(42, 19, 48, 0, 437, 223, 11, '2024-01-28 14:29:17'),
(58, 19, 48, 0, 430, 87, 9, '2024-01-28 14:29:18'),
(24, 17, 52, 0, 423, 170, 13, '2024-01-28 14:29:24'),
(59, 19, 48, 0, 468, 202, 5, '2024-01-28 14:29:40'),
(18, 25, 34, 0, 395, 76, 31, '2024-01-28 14:29:44'),
(15, 20, 46, 0, 418, 180, 2, '2024-01-28 14:29:48'),
(12, 19, 48, 0, 421, 203, 63, '2024-01-28 14:29:49'),
(17, 20, 46, 0, 432, 184, 4, '2024-01-28 14:29:53'),
(13, 19, 48, 0, 496, 255, 11, '2024-01-28 14:29:54'),
(17, 20, 46, 0, 432, 184, 4, '2024-01-28 14:29:55'),
(61, 19, 61, 0, 445, 31, 0, '2024-01-28 14:30:24'),
(20, 18, 52, 0, 447, 106, 18, '2024-01-28 14:30:29'),
(60, 19, 46, 0, 457, 249, 25, '2024-01-28 14:30:29'),
(16, 14, 70, 0, 482, 4120, 193, '2024-01-28 14:30:29'),
(23, 18, 51, 0, 419, 300, 45, '2024-01-28 14:31:10'),
(54, 22, 41, 0, 427, 104, 1, '2024-01-28 14:31:29'),
(22, 19, 48, 0, 725, 113, 9, '2024-01-28 14:32:22'),
(21, 20, 46, 0, 430, 207, 6, '2024-01-28 14:32:24'),
(47, 18, 52, 0, 468, 263, 0, '2024-01-28 14:32:24'),
(19, 19, 51, 0, 417, 106, 20, '2024-01-28 14:32:49'),
(39, 19, 47, 0, 416, 190, 17, '2024-01-28 14:32:50'),
(28, 17, 53, 0, 415, 48, 1, '2024-01-28 14:34:10'),
(41, 19, 51, 0, 429, 245, 27, '2024-01-28 14:34:22'),
(14, 21, 44, 0, 433, 291, 9, '2024-01-28 14:34:23'),
(55, 18, 52, 0, 420, 307, 22, '2024-01-28 14:34:39'),
(25, 19, 52, 0, 430, 703, 35, '2024-01-28 14:34:43'),
(27, 20, 48, 0, 452, 508, 78, '2024-01-28 14:34:52'),
(26, 18, 51, 0, 436, 115, 7, '2024-01-28 14:34:58'),
(49, 17, 55, 0, 430, 297, 27, '2024-01-28 14:35:13'),
(50, 25, 38, 0, 452, 126, 1, '2024-01-28 14:35:28'),
(29, 20, 47, 0, 442, 775, 7, '2024-01-28 14:35:54'),
(51, 17, 54, 0, 454, 285, 17, '2024-01-28 14:36:24'),
(52, 21, 43, 0, 485, 59, 4, '2024-01-28 14:36:44'),
(30, 20, 47, 0, 433, 171, 645, '2024-01-28 14:36:49'),
(32, 21, 45, 0, 429, 641, 75, '2024-01-28 14:36:53'),
(53, 19, 48, 0, 427, 187, 9, '2024-01-28 14:36:54'),
(46, 19, 49, 0, 423, 199, 11, '2024-01-28 14:36:54'),
(44, 19, 49, 0, 419, 118, 2, '2024-01-28 14:37:23'),
(34, 20, 45, 0, 1681, 126, 9, '2024-01-28 14:37:24'),
(36, 18, 52, 0, 430, 182, 111, '2024-01-28 14:37:29'),
(33, 18, 50, 0, 440, 181, 7, '2024-01-28 14:37:29'),
(31, 21, 43, 0, 419, 372, 7, '2024-01-28 14:37:39'),
(40, 19, 49, 0, 443, 381, 44, '2024-01-28 14:38:19'),
(56, 18, 52, 0, 431, 167, 1, '2024-01-28 14:38:19'),
(45, 17, 58, 0, 444, 305, 1, '2024-01-28 14:38:23'),
(37, 20, 46, 0, 418, 791, 5, '2024-01-28 14:38:39'),
(38, 19, 48, 0, 420, 341, 9, '2024-01-28 14:38:52'),
(57, 18, 53, 0, 427, 826, 26, '2024-01-28 14:38:52'),
(42, 19, 49, 0, 438, 222, 9, '2024-01-28 14:39:17'),
(58, 19, 48, 0, 432, 87, 11, '2024-01-28 14:39:19'),
(24, 17, 52, 0, 421, 170, 13, '2024-01-28 14:39:23'),
(59, 19, 48, 0, 461, 200, 7, '2024-01-28 14:39:41'),
(18, 25, 33, 0, 403, 72, 33, '2024-01-28 14:39:44'),
(15, 20, 46, 0, 426, 177, 4, '2024-01-28 14:39:48'),
(12, 19, 48, 0, 419, 197, 75, '2024-01-28 14:39:49'),
(17, 20, 46, 0, 432, 208, 9, '2024-01-28 14:39:54'),
(13, 19, 48, 0, 492, 252, 11, '2024-01-28 14:39:54'),
(61, 19, 62, 0, 450, 25, 2, '2024-01-28 14:40:23'),
(20, 18, 52, 0, 449, 106, 16, '2024-01-28 14:40:28'),
(60, 19, 46, 0, 461, 249, 29, '2024-01-28 14:40:28'),
(16, 14, 70, 0, 485, 3625, 204, '2024-01-28 14:40:29'),
(23, 18, 51, 0, 419, 297, 48, '2024-01-28 14:41:10'),
(54, 22, 41, 0, 426, 104, 1, '2024-01-28 14:41:29'),
(22, 19, 48, 0, 723, 113, 9, '2024-01-28 14:42:22'),
(21, 20, 46, 0, 436, 203, 6, '2024-01-28 14:42:24'),
(47, 18, 52, 0, 471, 261, 2, '2024-01-28 14:42:24'),
(19, 19, 51, 0, 418, 105, 23, '2024-01-28 14:42:49'),
(39, 19, 47, 0, 419, 187, 19, '2024-01-28 14:42:50'),
(28, 17, 53, 0, 418, 49, 1, '2024-01-28 14:44:10'),
(41, 19, 51, 0, 430, 245, 37, '2024-01-28 14:44:24'),
(14, 21, 44, 0, 426, 289, 9, '2024-01-28 14:44:24'),
(35, 19, 49, 0, 424, 147, 1, '2024-01-28 14:44:29'),
(55, 18, 52, 0, 425, 310, 23, '2024-01-28 14:44:40'),
(25, 19, 52, 0, 434, 700, 32, '2024-01-28 14:44:43'),
(27, 20, 48, 0, 454, 453, 80, '2024-01-28 14:44:52'),
(26, 18, 51, 0, 440, 117, 5, '2024-01-28 14:44:58'),
(49, 17, 55, 0, 430, 297, 29, '2024-01-28 14:45:14'),
(50, 25, 38, 0, 452, 92, 1, '2024-01-28 14:45:29'),
(29, 20, 47, 0, 435, 719, 9, '2024-01-28 14:45:53'),
(51, 17, 54, 0, 454, 284, 16, '2024-01-28 14:46:23'),
(52, 21, 43, 0, 486, 60, 6, '2024-01-28 14:46:44'),
(30, 20, 47, 0, 424, 172, 662, '2024-01-28 14:46:49'),
(53, 19, 48, 0, 427, 187, 9, '2024-01-28 14:46:53'),
(46, 19, 49, 0, 420, 197, 9, '2024-01-28 14:46:53'),
(32, 21, 45, 0, 428, 620, 71, '2024-01-28 14:46:54'),
(44, 19, 49, 0, 421, 114, 2, '2024-01-28 14:47:23'),
(34, 20, 45, 0, 1682, 124, 11, '2024-01-28 14:47:24'),
(36, 18, 52, 0, 429, 183, 104, '2024-01-28 14:47:29'),
(33, 18, 50, 0, 445, 182, 7, '2024-01-28 14:47:29'),
(31, 21, 43, 0, 422, 369, 5, '2024-01-28 14:47:39'),
(40, 19, 49, 0, 439, 380, 44, '2024-01-28 14:48:20'),
(56, 18, 52, 0, 428, 166, 2, '2024-01-28 14:48:20'),
(45, 17, 58, 0, 441, 305, 1, '2024-01-28 14:48:23'),
(37, 20, 46, 0, 422, 793, 6, '2024-01-28 14:48:39'),
(57, 18, 53, 0, 426, 822, 26, '2024-01-28 14:48:52'),
(38, 19, 48, 0, 423, 341, 5, '2024-01-28 14:48:53'),
(42, 19, 49, 0, 437, 222, 9, '2024-01-28 14:49:17'),
(58, 19, 48, 0, 425, 86, 9, '2024-01-28 14:49:19'),
(24, 17, 52, 0, 427, 170, 13, '2024-01-28 14:49:24'),
(59, 19, 48, 0, 468, 198, 7, '2024-01-28 14:49:40'),
(18, 25, 34, 0, 402, 73, 25, '2024-01-28 14:49:43'),
(15, 20, 46, 0, 424, 175, 4, '2024-01-28 14:49:48'),
(12, 19, 49, 0, 421, 192, 77, '2024-01-28 14:49:49'),
(17, 20, 47, 0, 426, 197, 6, '2024-01-28 14:49:53'),
(13, 19, 48, 0, 494, 248, 11, '2024-01-28 14:49:53'),
(17, 20, 47, 0, 426, 197, 6, '2024-01-28 14:49:56'),
(61, 19, 62, 0, 447, 21, 0, '2024-01-28 14:50:23'),
(20, 18, 52, 0, 444, 106, 20, '2024-01-28 14:50:28'),
(60, 19, 46, 0, 458, 249, 27, '2024-01-28 14:50:29'),
(16, 14, 71, 0, 484, 3581, 204, '2024-01-28 14:50:30'),
(23, 18, 52, 0, 420, 297, 46, '2024-01-28 14:51:10'),
(54, 22, 41, 0, 429, 104, 1, '2024-01-28 14:51:29'),
(22, 19, 48, 0, 727, 112, 11, '2024-01-28 14:52:22'),
(21, 20, 46, 0, 434, 198, 6, '2024-01-28 14:52:23'),
(47, 18, 52, 0, 465, 264, 0, '2024-01-28 14:52:23'),
(39, 19, 47, 0, 415, 188, 17, '2024-01-28 14:52:49'),
(19, 19, 51, 0, 419, 105, 21, '2024-01-28 14:52:50'),
(28, 17, 53, 0, 415, 50, 1, '2024-01-28 14:54:10'),
(41, 19, 51, 0, 432, 242, 30, '2024-01-28 14:54:24'),
(14, 21, 44, 0, 425, 287, 9, '2024-01-28 14:54:24'),
(35, 19, 49, 0, 426, 144, 4, '2024-01-28 14:54:29'),
(55, 18, 52, 0, 421, 304, 20, '2024-01-28 14:54:39'),
(25, 19, 52, 0, 433, 693, 29, '2024-01-28 14:54:42'),
(27, 20, 48, 0, 452, 404, 66, '2024-01-28 14:54:53'),
(26, 18, 51, 0, 435, 116, 7, '2024-01-28 14:54:58'),
(49, 17, 55, 0, 430, 294, 25, '2024-01-28 14:55:13'),
(50, 25, 41, 0, 447, 150, 1, '2024-01-28 14:55:29'),
(29, 20, 47, 0, 440, 639, 7, '2024-01-28 14:55:54'),
(51, 17, 54, 0, 454, 285, 17, '2024-01-28 14:56:23'),
(52, 21, 43, 0, 482, 60, 4, '2024-01-28 14:56:44'),
(30, 20, 47, 0, 430, 178, 649, '2024-01-28 14:56:49'),
(53, 19, 48, 0, 426, 187, 9, '2024-01-28 14:56:53'),
(32, 20, 45, 0, 426, 619, 63, '2024-01-28 14:56:53'),
(46, 19, 49, 0, 420, 197, 9, '2024-01-28 14:56:54'),
(44, 19, 50, 0, 421, 110, 4, '2024-01-28 14:57:23'),
(34, 20, 45, 0, 1677, 121, 6, '2024-01-28 14:57:24'),
(36, 18, 52, 0, 431, 183, 91, '2024-01-28 14:57:28'),
(33, 18, 50, 0, 447, 182, 5, '2024-01-28 14:57:29'),
(31, 21, 43, 0, 424, 368, 6, '2024-01-28 14:57:39'),
(40, 19, 49, 0, 443, 381, 42, '2024-01-28 14:58:19'),
(56, 18, 52, 0, 431, 167, 4, '2024-01-28 14:58:20'),
(45, 17, 58, 0, 441, 304, 1, '2024-01-28 14:58:23'),
(37, 20, 46, 0, 420, 786, 4, '2024-01-28 14:58:40'),
(38, 19, 48, 0, 422, 341, 5, '2024-01-28 14:58:53'),
(57, 18, 53, 0, 430, 828, 24, '2024-01-28 14:58:53'),
(42, 19, 49, 0, 433, 224, 7, '2024-01-28 14:59:17'),
(58, 19, 48, 0, 432, 86, 9, '2024-01-28 14:59:18'),
(24, 17, 52, 0, 425, 169, 11, '2024-01-28 14:59:24'),
(59, 19, 48, 0, 465, 196, 9, '2024-01-28 14:59:40'),
(18, 26, 33, 0, 403, 73, 22, '2024-01-28 14:59:43'),
(15, 20, 46, 0, 427, 172, 2, '2024-01-28 14:59:48'),
(12, 19, 49, 0, 417, 188, 66, '2024-01-28 14:59:49'),
(17, 20, 47, 0, 432, 181, 6, '2024-01-28 14:59:53'),
(13, 19, 48, 0, 497, 246, 11, '2024-01-28 14:59:53'),
(17, 20, 47, 0, 432, 181, 6, '2024-01-28 14:59:55'),
(61, 19, 62, 0, 446, 20, 0, '2024-01-28 15:00:24'),
(20, 18, 52, 0, 452, 106, 18, '2024-01-28 15:00:29'),
(60, 19, 46, 0, 461, 249, 25, '2024-01-28 15:00:29'),
(16, 14, 71, 0, 485, 3604, 191, '2024-01-28 15:00:29'),
(60, 19, 46, 0, 461, 249, 25, '2024-01-28 15:00:31'),
(23, 18, 52, 0, 418, 299, 45, '2024-01-28 15:01:10'),
(54, 22, 41, 0, 425, 104, 1, '2024-01-28 15:01:28'),
(22, 19, 48, 0, 724, 111, 9, '2024-01-28 15:02:22'),
(21, 20, 47, 0, 432, 198, 6, '2024-01-28 15:02:24'),
(47, 18, 52, 0, 464, 264, 0, '2024-01-28 15:02:24'),
(39, 19, 48, 0, 413, 186, 13, '2024-01-28 15:02:49'),
(19, 19, 51, 0, 415, 107, 20, '2024-01-28 15:02:49'),
(28, 17, 53, 0, 415, 51, 1, '2024-01-28 15:04:10'),
(14, 21, 44, 0, 427, 285, 6, '2024-01-28 15:04:23'),
(41, 19, 51, 0, 431, 246, 28, '2024-01-28 15:04:24'),
(35, 19, 49, 0, 428, 145, 2, '2024-01-28 15:04:28'),
(48, 19, 51, 0, 437, 111, 9, '2024-01-28 15:04:29'),
(55, 18, 52, 0, 422, 304, 22, '2024-01-28 15:04:39'),
(25, 19, 52, 0, 431, 666, 26, '2024-01-28 15:04:42'),
(27, 20, 48, 0, 452, 385, 55, '2024-01-28 15:04:52'),
(26, 18, 51, 0, 432, 117, 5, '2024-01-28 15:04:58'),
(49, 17, 55, 0, 432, 295, 22, '2024-01-28 15:05:13'),
(50, 25, 43, 0, 453, 161, 1, '2024-01-28 15:05:28'),
(29, 20, 47, 0, 443, 591, 7, '2024-01-28 15:05:54'),
(51, 17, 54, 0, 453, 285, 17, '2024-01-28 15:06:24'),
(52, 21, 43, 0, 487, 60, 2, '2024-01-28 15:06:44'),
(30, 20, 47, 0, 435, 184, 585, '2024-01-28 15:06:49'),
(32, 20, 45, 0, 423, 625, 56, '2024-01-28 15:06:53'),
(53, 19, 48, 0, 429, 187, 5, '2024-01-28 15:06:54'),
(46, 19, 49, 0, 422, 196, 6, '2024-01-28 15:06:54'),
(44, 19, 50, 0, 422, 107, 2, '2024-01-28 15:07:23'),
(34, 20, 45, 0, 1674, 120, 6, '2024-01-28 15:07:24'),
(33, 18, 50, 0, 442, 181, 7, '2024-01-28 15:07:28'),
(36, 18, 52, 0, 429, 181, 84, '2024-01-28 15:07:29'),
(31, 21, 43, 0, 423, 367, 6, '2024-01-28 15:07:39'),
(40, 19, 49, 0, 441, 381, 34, '2024-01-28 15:08:19'),
(56, 18, 52, 0, 430, 167, 2, '2024-01-28 15:08:19'),
(45, 17, 58, 0, 442, 304, 1, '2024-01-28 15:08:23'),
(37, 20, 46, 0, 420, 794, 4, '2024-01-28 15:08:39'),
(38, 19, 48, 0, 424, 342, 4, '2024-01-28 15:08:52'),
(57, 18, 53, 0, 431, 827, 17, '2024-01-28 15:08:53'),
(42, 19, 49, 0, 433, 224, 7, '2024-01-28 15:09:17'),
(58, 19, 48, 0, 429, 84, 7, '2024-01-28 15:09:19'),
(24, 17, 52, 0, 426, 169, 9, '2024-01-28 15:09:23'),
(59, 19, 48, 0, 470, 195, 7, '2024-01-28 15:09:41'),
(18, 25, 34, 0, 399, 76, 17, '2024-01-28 15:09:44'),
(12, 19, 49, 0, 421, 185, 54, '2024-01-28 15:09:48'),
(15, 20, 46, 0, 427, 171, 4, '2024-01-28 15:09:49'),
(17, 20, 47, 0, 431, 173, 4, '2024-01-28 15:09:53'),
(13, 19, 48, 0, 490, 242, 4, '2024-01-28 15:09:54'),
(61, 19, 62, 0, 446, 18, 0, '2024-01-28 15:10:23'),
(20, 18, 52, 0, 448, 106, 16, '2024-01-28 15:10:28'),
(60, 19, 46, 0, 467, 251, 22, '2024-01-28 15:10:29'),
(16, 14, 71, 0, 478, 3553, 166, '2024-01-28 15:10:29'),
(23, 18, 52, 0, 420, 299, 38, '2024-01-28 15:11:10'),
(54, 22, 41, 0, 427, 105, 1, '2024-01-28 15:11:29'),
(22, 19, 48, 0, 726, 113, 9, '2024-01-28 15:12:22'),
(21, 20, 47, 0, 436, 196, 2, '2024-01-28 15:12:24'),
(47, 18, 52, 0, 474, 263, 0, '2024-01-28 15:12:24'),
(19, 19, 51, 0, 418, 108, 18, '2024-01-28 15:12:49'),
(39, 19, 48, 0, 417, 185, 9, '2024-01-28 15:12:50'),
(28, 17, 53, 0, 408, 52, 1, '2024-01-28 15:14:10'),
(14, 21, 44, 0, 425, 282, 4, '2024-01-28 15:14:23'),
(41, 19, 51, 0, 432, 245, 22, '2024-01-28 15:14:24'),
(35, 19, 49, 0, 427, 144, 0, '2024-01-28 15:14:29'),
(55, 18, 52, 0, 423, 304, 15, '2024-01-28 15:14:40'),
(25, 19, 52, 0, 433, 674, 19, '2024-01-28 15:14:43'),
(27, 20, 48, 0, 454, 379, 38, '2024-01-28 15:14:52'),
(26, 18, 51, 0, 440, 117, 4, '2024-01-28 15:14:58'),
(49, 17, 55, 0, 431, 297, 22, '2024-01-28 15:15:14'),
(50, 25, 37, 0, 453, 113, 1, '2024-01-28 15:15:29'),
(29, 20, 47, 0, 441, 563, 2, '2024-01-28 15:15:53'),
(51, 17, 54, 0, 454, 286, 11, '2024-01-28 15:16:23'),
(52, 21, 43, 0, 485, 60, 2, '2024-01-28 15:16:44'),
(30, 20, 47, 0, 430, 185, 494, '2024-01-28 15:16:49'),
(32, 20, 46, 0, 430, 646, 44, '2024-01-28 15:16:53'),
(53, 19, 48, 0, 425, 188, 4, '2024-01-28 15:16:54'),
(44, 19, 50, 0, 425, 111, 0, '2024-01-28 15:17:23'),
(34, 20, 45, 0, 1673, 119, 2, '2024-01-28 15:17:24'),
(36, 18, 52, 0, 429, 182, 71, '2024-01-28 15:17:29'),
(33, 18, 50, 0, 443, 181, 4, '2024-01-28 15:17:29'),
(31, 21, 43, 0, 425, 365, 2, '2024-01-28 15:17:39'),
(40, 19, 49, 0, 442, 382, 29, '2024-01-28 15:18:19'),
(56, 18, 52, 0, 427, 168, 1, '2024-01-28 15:18:20'),
(45, 17, 58, 0, 445, 305, 1, '2024-01-28 15:18:23'),
(37, 20, 46, 0, 421, 791, 1, '2024-01-28 15:18:39'),
(38, 19, 48, 0, 428, 343, 4, '2024-01-28 15:18:53'),
(57, 18, 53, 0, 430, 815, 18, '2024-01-28 15:18:54'),
(42, 19, 49, 0, 437, 225, 6, '2024-01-28 15:19:17'),
(58, 19, 48, 0, 431, 88, 2, '2024-01-28 15:19:19'),
(24, 17, 52, 0, 419, 169, 9, '2024-01-28 15:19:24'),
(59, 19, 48, 0, 465, 195, 2, '2024-01-28 15:19:40'),
(18, 25, 33, 0, 402, 75, 13, '2024-01-28 15:19:44'),
(15, 20, 46, 0, 427, 170, 2, '2024-01-28 15:19:49'),
(12, 19, 49, 0, 424, 178, 41, '2024-01-28 15:19:49'),
(17, 20, 47, 0, 427, 177, 1, '2024-01-28 15:19:53'),
(13, 19, 48, 0, 487, 241, 2, '2024-01-28 15:19:54'),
(17, 20, 47, 0, 427, 177, 1, '2024-01-28 15:19:56'),
(61, 19, 63, 0, 448, 16, 1, '2024-01-28 15:20:23'),
(20, 18, 52, 0, 448, 105, 11, '2024-01-28 15:20:28'),
(60, 19, 47, 0, 462, 250, 18, '2024-01-28 15:20:29'),
(16, 14, 71, 0, 485, 3428, 133, '2024-01-28 15:20:30'),
(23, 18, 52, 0, 419, 300, 32, '2024-01-28 15:21:10'),
(54, 22, 41, 0, 432, 103, 1, '2024-01-28 15:21:29'),
(22, 19, 48, 0, 722, 113, 9, '2024-01-28 15:22:21'),
(21, 19, 47, 0, 433, 194, 2, '2024-01-28 15:22:23'),
(47, 18, 52, 0, 467, 263, 0, '2024-01-28 15:22:24'),
(39, 19, 48, 0, 415, 184, 6, '2024-01-28 15:22:49'),
(19, 19, 51, 0, 418, 110, 16, '2024-01-28 15:22:50'),
(28, 17, 53, 0, 416, 51, 1, '2024-01-28 15:24:09'),
(41, 19, 51, 0, 434, 243, 15, '2024-01-28 15:24:24'),
(14, 21, 44, 0, 421, 281, 2, '2024-01-28 15:24:24'),
(35, 19, 49, 0, 424, 143, 0, '2024-01-28 15:24:29'),
(55, 18, 52, 0, 424, 299, 12, '2024-01-28 15:24:39'),
(25, 19, 52, 0, 432, 665, 12, '2024-01-28 15:24:42'),
(27, 19, 48, 0, 456, 372, 28, '2024-01-28 15:24:52'),
(26, 18, 51, 0, 437, 117, 2, '2024-01-28 15:24:58'),
(49, 17, 55, 0, 432, 297, 16, '2024-01-28 15:25:14'),
(50, 25, 40, 0, 442, 123, 1, '2024-01-28 15:25:29'),
(29, 20, 47, 0, 436, 540, 2, '2024-01-28 15:25:54'),
(51, 17, 54, 0, 454, 287, 11, '2024-01-28 15:26:23'),
(52, 21, 43, 0, 485, 61, 2, '2024-01-28 15:26:45'),
(30, 20, 47, 0, 432, 183, 421, '2024-01-28 15:26:48'),
(53, 19, 48, 0, 424, 188, 2, '2024-01-28 15:26:53'),
(32, 20, 46, 0, 427, 580, 40, '2024-01-28 15:26:54'),
(46, 19, 49, 0, 422, 195, 2, '2024-01-28 15:26:54'),
(44, 19, 50, 0, 422, 113, 0, '2024-01-28 15:27:23'),
(34, 20, 45, 0, 1676, 117, 1, '2024-01-28 15:27:24'),
(36, 18, 53, 0, 430, 182, 64, '2024-01-28 15:27:29'),
(33, 18, 50, 0, 438, 184, 2, '2024-01-28 15:27:29'),
(31, 21, 43, 0, 422, 365, 1, '2024-01-28 15:27:40'),
(40, 19, 49, 0, 443, 376, 26, '2024-01-28 15:28:20'),
(56, 18, 52, 0, 427, 168, 3, '2024-01-28 15:28:20'),
(45, 17, 58, 0, 443, 303, 1, '2024-01-28 15:28:23'),
(37, 20, 46, 0, 422, 782, 1, '2024-01-28 15:28:40'),
(38, 19, 49, 0, 424, 340, 4, '2024-01-28 15:28:53'),
(57, 18, 53, 0, 430, 811, 14, '2024-01-28 15:28:54'),
(42, 19, 49, 0, 438, 221, 4, '2024-01-28 15:29:18'),
(58, 19, 48, 0, 427, 88, 4, '2024-01-28 15:29:18'),
(24, 17, 52, 0, 419, 170, 4, '2024-01-28 15:29:24'),
(59, 19, 49, 0, 467, 194, 1, '2024-01-28 15:29:40'),
(18, 25, 34, 0, 400, 71, 7, '2024-01-28 15:29:43'),
(15, 20, 46, 0, 429, 168, 0, '2024-01-28 15:29:49'),
(12, 19, 49, 0, 421, 174, 32, '2024-01-28 15:29:49'),
(17, 20, 47, 0, 424, 180, 2, '2024-01-28 15:29:53'),
(13, 19, 48, 0, 494, 238, 1, '2024-01-28 15:29:53'),
(17, 20, 47, 0, 424, 180, 2, '2024-01-28 15:29:55'),
(61, 19, 63, 0, 442, 16, 1, '2024-01-28 15:30:24'),
(60, 19, 47, 0, 461, 250, 16, '2024-01-28 15:30:29'),
(20, 18, 52, 0, 447, 106, 11, '2024-01-28 15:30:29'),
(16, 14, 71, 0, 486, 2906, 111, '2024-01-28 15:30:30'),
(23, 18, 52, 0, 420, 299, 29, '2024-01-28 15:31:10'),
(54, 22, 41, 0, 425, 105, 1, '2024-01-28 15:31:29'),
(22, 19, 48, 0, 723, 114, 4, '2024-01-28 15:32:22'),
(21, 19, 47, 0, 436, 193, 2, '2024-01-28 15:32:23'),
(47, 18, 52, 0, 472, 265, 0, '2024-01-28 15:32:23'),
(39, 19, 48, 0, 416, 183, 6, '2024-01-28 15:32:49'),
(19, 19, 51, 0, 415, 108, 11, '2024-01-28 15:32:49'),
(28, 17, 53, 0, 418, 53, 1, '2024-01-28 15:34:10'),
(41, 19, 51, 0, 433, 240, 15, '2024-01-28 15:34:23'),
(14, 21, 44, 0, 428, 277, 2, '2024-01-28 15:34:24'),
(35, 19, 49, 0, 424, 142, 0, '2024-01-28 15:34:29'),
(55, 18, 52, 0, 422, 297, 12, '2024-01-28 15:34:39'),
(25, 19, 52, 0, 434, 658, 12, '2024-01-28 15:34:42'),
(27, 19, 49, 0, 454, 367, 24, '2024-01-28 15:34:52'),
(26, 18, 52, 0, 433, 118, 4, '2024-01-28 15:34:58'),
(49, 17, 55, 0, 429, 295, 13, '2024-01-28 15:35:13'),
(50, 25, 38, 0, 452, 121, 1, '2024-01-28 15:35:28'),
(29, 20, 47, 0, 436, 516, 2, '2024-01-28 15:35:54'),
(51, 17, 55, 0, 451, 286, 4, '2024-01-28 15:36:23'),
(52, 21, 43, 0, 484, 62, 0, '2024-01-28 15:36:44'),
(30, 19, 47, 0, 432, 174, 351, '2024-01-28 15:36:49'),
(32, 20, 46, 0, 427, 538, 35, '2024-01-28 15:36:53'),
(53, 19, 48, 0, 428, 188, 4, '2024-01-28 15:36:54'),
(46, 19, 50, 0, 424, 194, 4, '2024-01-28 15:36:54'),
(44, 19, 50, 0, 427, 117, 0, '2024-01-28 15:37:22'),
(34, 20, 46, 0, 1684, 115, 2, '2024-01-28 15:37:23'),
(33, 18, 50, 0, 444, 180, 4, '2024-01-28 15:37:29'),
(36, 18, 53, 0, 431, 181, 57, '2024-01-28 15:37:29'),
(31, 21, 44, 0, 426, 362, 2, '2024-01-28 15:37:39'),
(40, 19, 49, 0, 445, 374, 22, '2024-01-28 15:38:19'),
(56, 18, 52, 0, 426, 166, 2, '2024-01-28 15:38:19'),
(45, 17, 58, 0, 440, 305, 1, '2024-01-28 15:38:23'),
(37, 20, 46, 0, 419, 789, 2, '2024-01-28 15:38:39'),
(38, 19, 49, 0, 426, 337, 2, '2024-01-28 15:38:52'),
(57, 18, 53, 0, 430, 812, 11, '2024-01-28 15:38:54'),
(42, 19, 49, 0, 436, 220, 2, '2024-01-28 15:39:17'),
(58, 19, 48, 0, 427, 88, 2, '2024-01-28 15:39:19'),
(24, 17, 52, 0, 425, 170, 6, '2024-01-28 15:39:23'),
(59, 19, 49, 0, 467, 193, 2, '2024-01-28 15:39:40'),
(18, 25, 34, 0, 404, 76, 9, '2024-01-28 15:39:44'),
(15, 20, 46, 0, 427, 164, 0, '2024-01-28 15:39:48'),
(12, 19, 49, 0, 420, 170, 29, '2024-01-28 15:39:48'),
(17, 19, 47, 0, 430, 178, 2, '2024-01-28 15:39:53'),
(13, 19, 48, 0, 491, 237, 4, '2024-01-28 15:39:54'),
(61, 19, 63, 0, 451, 15, 1, '2024-01-28 15:40:23'),
(60, 19, 47, 0, 460, 250, 15, '2024-01-28 15:40:29'),
(20, 18, 52, 0, 445, 105, 7, '2024-01-28 15:40:29'),
(16, 14, 72, 0, 485, 2616, 95, '2024-01-28 15:40:29'),
(23, 18, 52, 0, 418, 299, 25, '2024-01-28 15:41:10'),
(54, 22, 41, 0, 427, 104, 1, '2024-01-28 15:41:29'),
(22, 19, 48, 0, 722, 114, 2, '2024-01-28 15:42:22'),
(21, 19, 47, 0, 434, 194, 2, '2024-01-28 15:42:24'),
(47, 18, 52, 0, 462, 266, 1, '2024-01-28 15:42:24'),
(19, 19, 51, 0, 416, 108, 9, '2024-01-28 15:42:49'),
(39, 19, 48, 0, 413, 185, 4, '2024-01-28 15:42:50'),
(28, 17, 53, 0, 419, 51, 1, '2024-01-28 15:44:10'),
(14, 21, 44, 0, 425, 272, 1, '2024-01-28 15:44:23'),
(41, 18, 51, 0, 433, 241, 12, '2024-01-28 15:44:24'),
(55, 18, 52, 0, 421, 299, 7, '2024-01-28 15:44:40'),
(25, 19, 52, 0, 432, 657, 7, '2024-01-28 15:44:43'),
(27, 19, 49, 0, 454, 362, 19, '2024-01-28 15:44:52'),
(26, 18, 52, 0, 436, 117, 2, '2024-01-28 15:44:58'),
(49, 17, 55, 0, 430, 295, 11, '2024-01-28 15:45:13'),
(50, 25, 40, 0, 451, 135, 1, '2024-01-28 15:45:28'),
(29, 20, 48, 0, 440, 487, 1, '2024-01-28 15:45:53'),
(51, 17, 55, 0, 457, 287, 8, '2024-01-28 15:46:24'),
(52, 21, 43, 0, 483, 63, 0, '2024-01-28 15:46:44'),
(30, 19, 48, 0, 437, 177, 302, '2024-01-28 15:46:49'),
(32, 20, 46, 0, 430, 517, 29, '2024-01-28 15:46:53'),
(53, 19, 48, 0, 422, 187, 2, '2024-01-28 15:46:54'),
(46, 19, 50, 0, 422, 194, 2, '2024-01-28 15:46:54'),
(44, 19, 50, 0, 418, 117, 0, '2024-01-28 15:47:23'),
(34, 20, 46, 0, 1682, 112, 2, '2024-01-28 15:47:24'),
(36, 18, 53, 0, 429, 181, 42, '2024-01-28 15:47:29'),
(33, 18, 50, 0, 440, 182, 4, '2024-01-28 15:47:29'),
(31, 21, 44, 0, 423, 358, 2, '2024-01-28 15:47:39'),
(40, 19, 49, 0, 445, 373, 16, '2024-01-28 15:48:19'),
(56, 18, 52, 0, 430, 167, 2, '2024-01-28 15:48:20'),
(45, 17, 58, 0, 443, 306, 1, '2024-01-28 15:48:23'),
(37, 20, 46, 0, 422, 790, 2, '2024-01-28 15:48:39'),
(38, 19, 49, 0, 427, 337, 1, '2024-01-28 15:48:52'),
(57, 18, 53, 0, 433, 823, 7, '2024-01-28 15:48:53'),
(42, 19, 49, 0, 441, 221, 4, '2024-01-28 15:49:17'),
(58, 19, 48, 0, 429, 88, 1, '2024-01-28 15:49:20'),
(24, 17, 53, 0, 418, 169, 4, '2024-01-28 15:49:23'),
(59, 19, 49, 0, 466, 191, 2, '2024-01-28 15:49:40'),
(18, 25, 34, 0, 400, 72, 6, '2024-01-28 15:49:44'),
(15, 20, 47, 0, 427, 165, 0, '2024-01-28 15:49:48'),
(12, 19, 49, 0, 420, 164, 23, '2024-01-28 15:49:49'),
(17, 19, 47, 0, 429, 186, 2, '2024-01-28 15:49:53'),
(13, 19, 48, 0, 497, 237, 2, '2024-01-28 15:49:54'),
(17, 19, 47, 0, 429, 186, 2, '2024-01-28 15:49:56'),
(61, 18, 63, 0, 440, 11, 1, '2024-01-28 15:50:23'),
(16, 14, 72, 0, 482, 2400, 82, '2024-01-28 15:50:30'),
(23, 18, 52, 0, 415, 299, 22, '2024-01-28 15:51:10'),
(54, 22, 41, 0, 423, 105, 1, '2024-01-28 15:51:29'),
(22, 19, 48, 0, 722, 113, 4, '2024-01-28 15:52:22'),
(21, 19, 47, 0, 437, 193, 0, '2024-01-28 15:52:24'),
(47, 18, 52, 0, 468, 265, 1, '2024-01-28 15:52:24'),
(39, 19, 48, 0, 416, 183, 2, '2024-01-28 15:52:50'),
(19, 19, 51, 0, 418, 106, 9, '2024-01-28 15:52:50'),
(28, 17, 53, 0, 415, 53, 1, '2024-01-28 15:54:10'),
(41, 18, 51, 0, 432, 239, 12, '2024-01-28 15:54:24'),
(14, 21, 44, 0, 428, 271, 2, '2024-01-28 15:54:24'),
(35, 19, 49, 0, 423, 142, 1, '2024-01-28 15:54:29'),
(55, 18, 52, 0, 423, 306, 9, '2024-01-28 15:54:40'),
(25, 19, 52, 0, 431, 621, 9, '2024-01-28 15:54:42'),
(27, 19, 49, 0, 458, 355, 17, '2024-01-28 15:54:52'),
(26, 18, 52, 0, 432, 118, 1, '2024-01-28 15:54:58'),
(49, 17, 55, 0, 433, 294, 9, '2024-01-28 15:55:14'),
(50, 25, 39, 0, 448, 144, 1, '2024-01-28 15:55:29'),
(29, 20, 48, 0, 441, 448, 3, '2024-01-28 15:55:53'),
(51, 17, 55, 0, 462, 286, 6, '2024-01-28 15:56:23'),
(52, 21, 43, 0, 480, 60, 0, '2024-01-28 15:56:45'),
(30, 19, 48, 0, 434, 177, 257, '2024-01-28 15:56:48'),
(53, 19, 48, 0, 430, 187, 2, '2024-01-28 15:56:53'),
(46, 19, 50, 0, 418, 192, 2, '2024-01-28 15:56:53'),
(32, 20, 46, 0, 433, 496, 28, '2024-01-28 15:56:54'),
(44, 19, 50, 0, 424, 120, 0, '2024-01-28 15:57:23'),
(34, 20, 46, 0, 1683, 112, 2, '2024-01-28 15:57:24'),
(36, 18, 53, 0, 428, 180, 39, '2024-01-28 15:57:29'),
(33, 18, 51, 0, 440, 181, 2, '2024-01-28 15:57:29'),
(31, 21, 44, 0, 427, 355, 0, '2024-01-28 15:57:40'),
(40, 19, 50, 0, 438, 371, 17, '2024-01-28 15:58:20'),
(56, 18, 52, 0, 422, 168, 0, '2024-01-28 15:58:20'),
(45, 17, 58, 0, 443, 307, 1, '2024-01-28 15:58:23'),
(37, 20, 46, 0, 418, 781, 2, '2024-01-28 15:58:39'),
(38, 19, 49, 0, 427, 337, 4, '2024-01-28 15:58:53'),
(57, 17, 53, 0, 432, 822, 7, '2024-01-28 15:58:54'),
(42, 19, 49, 0, 441, 220, 2, '2024-01-28 15:59:17'),
(58, 19, 48, 0, 423, 88, 3, '2024-01-28 15:59:19'),
(24, 17, 53, 0, 423, 169, 2, '2024-01-28 15:59:24'),
(59, 19, 49, 0, 460, 190, 1, '2024-01-28 15:59:40'),
(18, 25, 34, 0, 405, 76, 6, '2024-01-28 15:59:43'),
(15, 20, 47, 0, 428, 161, 0, '2024-01-28 15:59:48'),
(12, 19, 49, 0, 422, 165, 22, '2024-01-28 15:59:49'),
(17, 19, 47, 0, 428, 185, 0, '2024-01-28 15:59:53'),
(13, 19, 49, 0, 489, 236, 2, '2024-01-28 15:59:53'),
(17, 19, 47, 0, 428, 185, 0, '2024-01-28 15:59:56'),
(61, 18, 63, 0, 439, 11, 1, '2024-01-28 16:00:24'),
(20, 18, 52, 0, 450, 104, 4, '2024-01-28 16:00:28'),
(60, 19, 47, 0, 461, 251, 11, '2024-01-28 16:00:29'),
(16, 14, 72, 0, 484, 2327, 67, '2024-01-28 16:00:30'),
(23, 18, 52, 0, 420, 300, 16, '2024-01-28 16:01:10'),
(54, 22, 41, 0, 428, 105, 1, '2024-01-28 16:01:29'),
(22, 19, 48, 0, 726, 115, 2, '2024-01-28 16:02:22'),
(21, 19, 47, 0, 435, 191, 0, '2024-01-28 16:02:23'),
(47, 18, 52, 0, 470, 266, 1, '2024-01-28 16:02:23'),
(39, 19, 48, 0, 415, 184, 4, '2024-01-28 16:02:49'),
(19, 19, 51, 0, 417, 106, 9, '2024-01-28 16:02:49'),
(28, 17, 53, 0, 420, 52, 1, '2024-01-28 16:04:10'),
(41, 18, 51, 0, 435, 238, 10, '2024-01-28 16:04:23'),
(14, 21, 44, 0, 428, 267, 2, '2024-01-28 16:04:24'),
(35, 19, 49, 0, 423, 141, 1, '2024-01-28 16:04:29'),
(55, 18, 52, 0, 424, 307, 3, '2024-01-28 16:04:39'),
(25, 19, 52, 0, 435, 605, 7, '2024-01-28 16:04:42'),
(27, 19, 49, 0, 452, 351, 14, '2024-01-28 16:04:52'),
(26, 18, 52, 0, 436, 118, 1, '2024-01-28 16:04:58'),
(49, 17, 55, 0, 431, 293, 6, '2024-01-28 16:05:13'),
(50, 25, 40, 0, 450, 149, 1, '2024-01-28 16:05:28'),
(29, 20, 48, 0, 434, 408, 2, '2024-01-28 16:05:54'),
(51, 17, 55, 0, 458, 287, 2, '2024-01-28 16:06:23'),
(30, 19, 48, 0, 431, 183, 198, '2024-01-28 16:06:49'),
(32, 20, 46, 0, 431, 485, 24, '2024-01-28 16:06:53'),
(53, 19, 48, 0, 425, 187, 1, '2024-01-28 16:06:54'),
(46, 19, 50, 0, 422, 193, 2, '2024-01-28 16:06:54'),
(44, 19, 50, 0, 419, 119, 1, '2024-01-28 16:07:22'),
(34, 19, 46, 0, 1676, 111, 0, '2024-01-28 16:07:24'),
(36, 18, 53, 0, 431, 181, 31, '2024-01-28 16:07:28'),
(33, 18, 51, 0, 440, 179, 1, '2024-01-28 16:07:29'),
(31, 21, 44, 0, 431, 352, 0, '2024-01-28 16:07:39'),
(40, 19, 50, 0, 443, 370, 13, '2024-01-28 16:08:19'),
(56, 18, 52, 0, 422, 168, 0, '2024-01-28 16:08:20'),
(45, 17, 58, 0, 441, 307, 1, '2024-01-28 16:08:23'),
(37, 20, 46, 0, 423, 788, 0, '2024-01-28 16:08:39'),
(38, 19, 49, 0, 423, 337, 2, '2024-01-28 16:08:53'),
(57, 17, 53, 0, 429, 824, 5, '2024-01-28 16:08:54'),
(42, 19, 49, 0, 436, 234, 1, '2024-01-28 16:09:17'),
(58, 19, 48, 0, 427, 87, 2, '2024-01-28 16:09:19'),
(24, 17, 53, 0, 426, 169, 1, '2024-01-28 16:09:24'),
(59, 19, 49, 0, 461, 190, 3, '2024-01-28 16:09:40'),
(18, 26, 33, 0, 401, 73, 4, '2024-01-28 16:09:44'),
(15, 20, 47, 0, 428, 159, 1, '2024-01-28 16:09:48'),
(12, 19, 49, 0, 425, 164, 16, '2024-01-28 16:09:49'),
(17, 19, 47, 0, 430, 186, 0, '2024-01-28 16:09:53'),
(13, 19, 49, 0, 494, 236, 2, '2024-01-28 16:09:54'),
(61, 18, 63, 0, 442, 9, 1, '2024-01-28 16:10:24'),
(60, 19, 47, 0, 464, 251, 6, '2024-01-28 16:10:29'),
(20, 18, 52, 0, 450, 104, 6, '2024-01-28 16:10:29'),
(16, 14, 72, 0, 491, 2292, 53, '2024-01-28 16:10:29'),
(23, 18, 52, 0, 419, 300, 11, '2024-01-28 16:11:10'),
(54, 22, 41, 0, 426, 106, 1, '2024-01-28 16:11:29'),
(22, 19, 48, 0, 724, 114, 1, '2024-01-28 16:12:22'),
(21, 19, 47, 0, 432, 191, 0, '2024-01-28 16:12:24'),
(47, 18, 52, 0, 463, 266, 1, '2024-01-28 16:12:24'),
(39, 19, 48, 0, 419, 184, 2, '2024-01-28 16:12:49'),
(19, 19, 51, 0, 417, 106, 4, '2024-01-28 16:12:49'),
(28, 17, 53, 0, 419, 52, 1, '2024-01-28 16:14:10'),
(14, 21, 44, 0, 427, 263, 0, '2024-01-28 16:14:23'),
(41, 18, 51, 0, 432, 243, 7, '2024-01-28 16:14:24'),
(48, 18, 51, 0, 439, 112, 1, '2024-01-28 16:14:29'),
(55, 18, 53, 0, 425, 308, 5, '2024-01-28 16:14:39'),
(25, 19, 52, 0, 432, 592, 5, '2024-01-28 16:14:42'),
(27, 19, 49, 0, 453, 347, 12, '2024-01-28 16:14:52'),
(26, 18, 52, 0, 433, 119, 2, '2024-01-28 16:14:58'),
(49, 17, 55, 0, 429, 294, 4, '2024-01-28 16:15:13'),
(50, 25, 38, 0, 451, 125, 1, '2024-01-28 16:15:28'),
(29, 20, 48, 0, 440, 387, 2, '2024-01-28 16:15:54'),
(51, 17, 55, 0, 459, 288, 2, '2024-01-28 16:16:24'),
(52, 21, 43, 0, 485, 61, 1, '2024-01-28 16:16:44'),
(30, 19, 48, 0, 432, 186, 164, '2024-01-28 16:16:49'),
(32, 20, 46, 0, 432, 464, 20, '2024-01-28 16:16:53'),
(53, 19, 48, 0, 425, 188, 2, '2024-01-28 16:16:54'),
(46, 19, 50, 0, 428, 193, 0, '2024-01-28 16:16:54'),
(44, 19, 50, 0, 421, 120, 1, '2024-01-28 16:17:23'),
(34, 19, 46, 0, 1675, 110, 0, '2024-01-28 16:17:24'),
(36, 18, 53, 0, 433, 181, 22, '2024-01-28 16:17:29'),
(33, 18, 51, 0, 441, 180, 3, '2024-01-28 16:17:29'),
(31, 21, 44, 0, 421, 349, 0, '2024-01-28 16:17:39'),
(40, 19, 50, 0, 445, 370, 9, '2024-01-28 16:18:19'),
(56, 18, 52, 0, 424, 167, 0, '2024-01-28 16:18:19'),
(45, 17, 58, 0, 443, 306, 1, '2024-01-28 16:18:23'),
(37, 20, 47, 0, 420, 787, 0, '2024-01-28 16:18:39'),
(38, 19, 49, 0, 427, 341, 2, '2024-01-28 16:18:52'),
(57, 17, 54, 0, 430, 823, 5, '2024-01-28 16:18:53'),
(42, 19, 49, 0, 439, 243, 1, '2024-01-28 16:19:17'),
(58, 19, 48, 0, 426, 88, 2, '2024-01-28 16:19:20'),
(24, 17, 53, 0, 420, 169, 1, '2024-01-28 16:19:23'),
(59, 19, 49, 0, 459, 188, 3, '2024-01-28 16:19:41'),
(18, 25, 34, 0, 403, 77, 4, '2024-01-28 16:19:44'),
(15, 20, 47, 0, 432, 157, 1, '2024-01-28 16:19:49'),
(12, 19, 49, 0, 416, 164, 14, '2024-01-28 16:19:49'),
(17, 19, 47, 0, 428, 182, 0, '2024-01-28 16:19:53'),
(13, 19, 49, 0, 491, 234, 0, '2024-01-28 16:19:54'),
(17, 19, 47, 0, 428, 182, 0, '2024-01-28 16:19:55'),
(61, 18, 64, 0, 446, 12, 1, '2024-01-28 16:20:23'),
(60, 19, 47, 0, 462, 250, 4, '2024-01-28 16:20:28'),
(20, 18, 53, 0, 447, 104, 4, '2024-01-28 16:20:28'),
(16, 13, 73, 0, 492, 2259, 44, '2024-01-28 16:20:29'),
(23, 18, 52, 0, 415, 299, 11, '2024-01-28 16:21:10'),
(54, 22, 41, 0, 424, 103, 1, '2024-01-28 16:21:29'),
(22, 19, 48, 0, 723, 113, 1, '2024-01-28 16:22:22'),
(21, 19, 47, 0, 431, 190, 0, '2024-01-28 16:22:24'),
(47, 18, 52, 0, 468, 266, 1, '2024-01-28 16:22:24'),
(19, 18, 51, 0, 420, 105, 2, '2024-01-28 16:22:49'),
(39, 19, 48, 0, 416, 185, 4, '2024-01-28 16:22:50'),
(28, 17, 54, 0, 414, 54, 1, '2024-01-28 16:24:10'),
(14, 21, 45, 0, 419, 259, 2, '2024-01-28 16:24:23'),
(41, 18, 51, 0, 435, 244, 7, '2024-01-28 16:24:24'),
(35, 19, 50, 0, 427, 141, 1, '2024-01-28 16:24:29'),
(55, 18, 53, 0, 423, 311, 3, '2024-01-28 16:24:40'),
(25, 19, 52, 0, 437, 580, 5, '2024-01-28 16:24:43'),
(27, 19, 49, 0, 455, 346, 16, '2024-01-28 16:24:52'),
(26, 18, 52, 0, 431, 118, 2, '2024-01-28 16:24:58'),
(49, 17, 56, 0, 430, 292, 4, '2024-01-28 16:25:14'),
(50, 25, 41, 0, 442, 144, 1, '2024-01-28 16:25:29'),
(29, 20, 48, 0, 440, 383, 2, '2024-01-28 16:25:53'),
(51, 17, 55, 0, 454, 286, 4, '2024-01-28 16:26:23'),
(52, 21, 43, 0, 479, 61, 1, '2024-01-28 16:26:44'),
(30, 19, 48, 0, 436, 186, 126, '2024-01-28 16:26:49'),
(32, 20, 47, 0, 431, 451, 16, '2024-01-28 16:26:53'),
(53, 19, 48, 0, 426, 188, 2, '2024-01-28 16:26:53'),
(46, 19, 50, 0, 421, 194, 0, '2024-01-28 16:26:53'),
(44, 19, 50, 0, 419, 120, 1, '2024-01-28 16:27:23'),
(34, 19, 46, 0, 1686, 108, 0, '2024-01-28 16:27:24'),
(36, 18, 53, 0, 433, 180, 24, '2024-01-28 16:27:29'),
(33, 18, 51, 0, 442, 180, 2, '2024-01-28 16:27:29'),
(31, 21, 44, 0, 427, 346, 0, '2024-01-28 16:27:39'),
(40, 19, 50, 0, 443, 365, 9, '2024-01-28 16:28:19'),
(56, 18, 52, 0, 426, 168, 0, '2024-01-28 16:28:20'),
(45, 17, 58, 0, 438, 308, 1, '2024-01-28 16:28:23'),
(37, 20, 47, 0, 424, 775, 0, '2024-01-28 16:28:39'),
(38, 19, 49, 0, 424, 341, 0, '2024-01-28 16:28:52'),
(57, 17, 54, 0, 429, 828, 6, '2024-01-28 16:28:54'),
(42, 19, 49, 0, 440, 250, 2, '2024-01-28 16:29:17'),
(58, 19, 48, 0, 429, 88, 2, '2024-01-28 16:29:20'),
(24, 17, 53, 0, 423, 169, 4, '2024-01-28 16:29:24'),
(59, 19, 49, 0, 460, 188, 2, '2024-01-28 16:29:40'),
(18, 26, 33, 0, 402, 74, 4, '2024-01-28 16:29:44'),
(15, 19, 47, 0, 425, 155, 1, '2024-01-28 16:29:49'),
(12, 19, 50, 0, 422, 165, 11, '2024-01-28 16:29:49'),
(17, 19, 47, 0, 430, 186, 0, '2024-01-28 16:29:53'),
(13, 19, 49, 0, 492, 233, 0, '2024-01-28 16:29:53'),
(17, 19, 47, 0, 430, 186, 0, '2024-01-28 16:29:56'),
(61, 18, 64, 0, 452, 10, 1, '2024-01-28 16:30:24'),
(20, 18, 53, 0, 451, 104, 1, '2024-01-28 16:30:28'),
(60, 19, 47, 0, 465, 251, 4, '2024-01-28 16:30:29'),
(16, 13, 73, 0, 484, 2242, 37, '2024-01-28 16:30:30'),
(23, 18, 52, 0, 420, 297, 7, '2024-01-28 16:31:10'),
(54, 22, 41, 0, 427, 105, 1, '2024-01-28 16:31:29'),
(22, 19, 48, 0, 724, 114, 2, '2024-01-28 16:32:22'),
(21, 19, 47, 0, 437, 190, 1, '2024-01-28 16:32:23'),
(47, 18, 52, 0, 476, 266, 1, '2024-01-28 16:32:24'),
(39, 19, 48, 0, 414, 184, 2, '2024-01-28 16:32:49'),
(19, 18, 51, 0, 417, 102, 2, '2024-01-28 16:32:50'),
(28, 17, 54, 0, 415, 53, 1, '2024-01-28 16:34:10'),
(41, 18, 51, 0, 429, 241, 5, '2024-01-28 16:34:24'),
(14, 21, 45, 0, 427, 257, 0, '2024-01-28 16:34:24'),
(35, 19, 50, 0, 425, 140, 1, '2024-01-28 16:34:29'),
(48, 18, 51, 0, 435, 114, 0, '2024-01-28 16:34:29'),
(55, 18, 53, 0, 424, 311, 2, '2024-01-28 16:34:39'),
(25, 19, 52, 0, 433, 559, 4, '2024-01-28 16:34:42'),
(27, 19, 49, 0, 456, 344, 9, '2024-01-28 16:34:52'),
(26, 18, 52, 0, 438, 118, 0, '2024-01-28 16:34:58'),
(49, 17, 56, 0, 429, 291, 2, '2024-01-28 16:35:13'),
(50, 25, 40, 0, 446, 140, 1, '2024-01-28 16:35:29'),
(29, 19, 48, 0, 440, 382, 0, '2024-01-28 16:35:54'),
(51, 17, 55, 0, 453, 287, 2, '2024-01-28 16:36:23'),
(52, 21, 43, 0, 480, 63, 1, '2024-01-28 16:36:44'),
(30, 19, 48, 0, 437, 184, 84, '2024-01-28 16:36:49'),
(53, 19, 48, 0, 425, 187, 0, '2024-01-28 16:36:53'),
(32, 20, 47, 0, 430, 453, 11, '2024-01-28 16:36:53'),
(46, 18, 50, 0, 420, 192, 0, '2024-01-28 16:36:54'),
(44, 19, 50, 0, 419, 122, 1, '2024-01-28 16:37:23'),
(34, 19, 46, 0, 1678, 108, 1, '2024-01-28 16:37:24'),
(36, 18, 53, 0, 431, 182, 15, '2024-01-28 16:37:29'),
(33, 18, 51, 0, 442, 180, 0, '2024-01-28 16:37:29'),
(31, 21, 44, 0, 423, 345, 1, '2024-01-28 16:37:40'),
(40, 19, 50, 0, 443, 364, 4, '2024-01-28 16:38:20'),
(56, 18, 52, 0, 431, 169, 1, '2024-01-28 16:38:20'),
(45, 17, 58, 0, 441, 310, 1, '2024-01-28 16:38:23'),
(37, 20, 47, 0, 420, 780, 1, '2024-01-28 16:38:40'),
(38, 19, 49, 0, 428, 340, 1, '2024-01-28 16:38:53'),
(57, 17, 54, 0, 429, 827, 2, '2024-01-28 16:38:54'),
(42, 19, 49, 0, 438, 254, 0, '2024-01-28 16:39:17'),
(58, 19, 49, 0, 432, 87, 0, '2024-01-28 16:39:19'),
(24, 17, 53, 0, 429, 171, 0, '2024-01-28 16:39:24'),
(59, 19, 49, 0, 466, 189, 0, '2024-01-28 16:39:40'),
(18, 25, 34, 0, 400, 78, 4, '2024-01-28 16:39:43'),
(15, 19, 47, 0, 431, 153, 1, '2024-01-28 16:39:49'),
(12, 19, 50, 0, 420, 166, 9, '2024-01-28 16:39:49'),
(17, 19, 47, 0, 427, 191, 1, '2024-01-28 16:39:53'),
(13, 19, 49, 0, 492, 234, 1, '2024-01-28 16:39:53'),
(61, 18, 64, 0, 446, 10, 1, '2024-01-28 16:40:24'),
(60, 19, 47, 0, 460, 251, 4, '2024-01-28 16:40:29'),
(20, 18, 53, 0, 451, 103, 2, '2024-01-28 16:40:29'),
(16, 13, 73, 0, 493, 2225, 22, '2024-01-28 16:40:29'),
(23, 18, 52, 0, 416, 295, 6, '2024-01-28 16:41:10'),
(54, 22, 41, 0, 428, 105, 1, '2024-01-28 16:41:28'),
(22, 19, 48, 0, 724, 115, 0, '2024-01-28 16:42:22'),
(21, 19, 47, 0, 436, 188, 1, '2024-01-28 16:42:23'),
(47, 18, 52, 0, 466, 267, 1, '2024-01-28 16:42:24'),
(39, 19, 48, 0, 413, 185, 0, '2024-01-28 16:42:49'),
(19, 18, 51, 0, 419, 100, 2, '2024-01-28 16:42:49'),
(28, 17, 54, 0, 417, 52, 1, '2024-01-28 16:44:10'),
(14, 21, 45, 0, 428, 256, 1, '2024-01-28 16:44:24'),
(41, 18, 51, 0, 430, 243, 2, '2024-01-28 16:44:24'),
(35, 19, 50, 0, 423, 141, 1, '2024-01-28 16:44:28'),
(48, 18, 51, 0, 437, 114, 1, '2024-01-28 16:44:29'),
(55, 18, 53, 0, 420, 311, 4, '2024-01-28 16:44:39'),
(25, 19, 52, 0, 434, 587, 1, '2024-01-28 16:44:42'),
(27, 19, 50, 0, 454, 344, 4, '2024-01-28 16:44:52'),
(26, 18, 52, 0, 433, 119, 1, '2024-01-28 16:44:58'),
(49, 17, 56, 0, 433, 293, 2, '2024-01-28 16:45:13'),
(50, 25, 41, 0, 439, 156, 1, '2024-01-28 16:45:28'),
(29, 19, 48, 0, 441, 382, 1, '2024-01-28 16:45:54'),
(51, 17, 55, 0, 460, 285, 1, '2024-01-28 16:46:24'),
(52, 21, 44, 0, 482, 62, 1, '2024-01-28 16:46:44'),
(30, 19, 48, 0, 430, 190, 44, '2024-01-28 16:46:49'),
(32, 20, 47, 0, 425, 441, 4, '2024-01-28 16:46:53'),
(53, 19, 48, 0, 421, 188, 1, '2024-01-28 16:46:54'),
(46, 18, 50, 0, 420, 193, 1, '2024-01-28 16:46:54'),
(44, 19, 50, 0, 414, 124, 1, '2024-01-28 16:47:22'),
(34, 19, 46, 0, 1683, 108, 1, '2024-01-28 16:47:24'),
(33, 18, 51, 0, 439, 178, 1, '2024-01-28 16:47:29'),
(36, 18, 53, 0, 431, 183, 6, '2024-01-28 16:47:29'),
(31, 21, 45, 0, 427, 343, 1, '2024-01-28 16:47:39'),
(40, 19, 50, 0, 436, 366, 2, '2024-01-28 16:48:19'),
(56, 18, 52, 0, 430, 169, 1, '2024-01-28 16:48:19'),
(45, 17, 58, 0, 443, 311, 1, '2024-01-28 16:48:23'),
(37, 20, 47, 0, 422, 778, 1, '2024-01-28 16:48:39'),
(38, 19, 49, 0, 424, 340, 1, '2024-01-28 16:48:52'),
(57, 17, 54, 0, 428, 822, 2, '2024-01-28 16:48:53'),
(42, 19, 49, 0, 434, 257, 1, '2024-01-28 16:49:17'),
(58, 19, 49, 0, 427, 86, 1, '2024-01-28 16:49:19'),
(24, 17, 53, 0, 422, 169, 1, '2024-01-28 16:49:23'),
(59, 19, 49, 0, 461, 188, 1, '2024-01-28 16:49:40'),
(18, 25, 34, 0, 406, 77, 0, '2024-01-28 16:49:44'),
(15, 19, 47, 0, 430, 154, 1, '2024-01-28 16:49:48'),
(12, 18, 50, 0, 421, 163, 2, '2024-01-28 16:49:48'),
(17, 19, 47, 0, 426, 190, 1, '2024-01-28 16:49:53'),
(13, 19, 49, 0, 491, 234, 1, '2024-01-28 16:49:54'),
(17, 19, 47, 0, 426, 190, 1, '2024-01-28 16:49:55'),
(61, 18, 64, 0, 451, 8, 2, '2024-01-28 16:50:23'),
(60, 19, 47, 0, 456, 251, 0, '2024-01-28 16:50:28'),
(20, 18, 53, 0, 453, 103, 0, '2024-01-28 16:50:29'),
(16, 13, 74, 0, 492, 2256, 9, '2024-01-28 16:50:29'),
(23, 18, 52, 0, 417, 296, 2, '2024-01-28 16:51:10'),
(54, 22, 41, 0, 424, 106, 1, '2024-01-28 16:51:29'),
(22, 19, 48, 0, 723, 114, 1, '2024-01-28 16:52:22'),
(21, 19, 47, 0, 433, 189, 1, '2024-01-28 16:52:24'),
(47, 18, 52, 0, 469, 265, 1, '2024-01-28 16:52:24'),
(19, 18, 51, 0, 418, 100, 0, '2024-01-28 16:52:49'),
(39, 19, 48, 0, 414, 185, 1, '2024-01-28 16:52:50'),
(28, 17, 54, 0, 417, 52, 1, '2024-01-28 16:54:10'),
(14, 20, 45, 0, 425, 254, 1, '2024-01-28 16:54:23'),
(41, 18, 51, 0, 435, 244, 2, '2024-01-28 16:54:24'),
(35, 19, 50, 0, 425, 143, 2, '2024-01-28 16:54:29'),
(48, 18, 51, 0, 431, 114, 1, '2024-01-28 16:54:29'),
(55, 18, 53, 0, 423, 312, 0, '2024-01-28 16:54:40'),
(25, 19, 52, 0, 429, 576, 0, '2024-01-28 16:54:43'),
(27, 19, 50, 0, 454, 344, 4, '2024-01-28 16:54:52'),
(26, 18, 52, 0, 433, 119, 1, '2024-01-28 16:54:58'),
(49, 17, 56, 0, 430, 292, 1, '2024-01-28 16:55:14'),
(50, 25, 35, 0, 448, 95, 1, '2024-01-28 16:55:28'),
(29, 19, 48, 0, 436, 379, 1, '2024-01-28 16:55:53'),
(51, 17, 55, 0, 454, 287, 1, '2024-01-28 16:56:24'),
(52, 21, 44, 0, 476, 62, 2, '2024-01-28 16:56:44'),
(30, 19, 48, 0, 434, 190, 25, '2024-01-28 16:56:49'),
(53, 19, 48, 0, 423, 188, 1, '2024-01-28 16:56:54'),
(46, 18, 50, 0, 427, 192, 2, '2024-01-28 16:56:54'),
(44, 19, 50, 0, 422, 125, 1, '2024-01-28 16:57:23'),
(34, 19, 46, 0, 1684, 108, 1, '2024-01-28 16:57:24'),
(36, 18, 53, 0, 430, 182, 2, '2024-01-28 16:57:29'),
(33, 18, 51, 0, 441, 181, 1, '2024-01-28 16:57:29'),
(31, 21, 45, 0, 428, 343, 1, '2024-01-28 16:57:39'),
(40, 19, 50, 0, 443, 366, 0, '2024-01-28 16:58:19'),
(56, 18, 52, 0, 425, 168, 1, '2024-01-28 16:58:20'),
(45, 17, 58, 0, 436, 309, 1, '2024-01-28 16:58:23'),
(37, 20, 47, 0, 423, 779, 1, '2024-01-28 16:58:39'),
(38, 19, 49, 0, 424, 344, 1, '2024-01-28 16:58:52'),
(57, 17, 54, 0, 431, 816, 1, '2024-01-28 16:58:53'),
(42, 19, 49, 0, 441, 260, 1, '2024-01-28 16:59:17'),
(58, 19, 49, 0, 429, 87, 1, '2024-01-28 16:59:20'),
(24, 17, 53, 0, 425, 169, 1, '2024-01-28 16:59:24'),
(59, 19, 49, 0, 465, 190, 1, '2024-01-28 16:59:40'),
(18, 25, 34, 0, 402, 77, 1, '2024-01-28 16:59:44'),
(15, 19, 47, 0, 431, 152, 1, '2024-01-28 16:59:48'),
(12, 18, 50, 0, 420, 163, 0, '2024-01-28 16:59:49'),
(17, 19, 47, 0, 427, 184, 1, '2024-01-28 16:59:53'),
(13, 19, 49, 0, 491, 232, 1, '2024-01-28 16:59:54'),
(17, 19, 47, 0, 427, 184, 1, '2024-01-28 16:59:56'),
(61, 18, 64, 0, 452, 8, 2, '2024-01-28 17:00:24'),
(20, 18, 53, 0, 444, 104, 1, '2024-01-28 17:00:28'),
(60, 19, 47, 0, 461, 252, 1, '2024-01-28 17:00:29'),
(16, 13, 74, 0, 492, 2295, 6, '2024-01-28 17:00:30'),
(23, 18, 52, 0, 419, 294, 0, '2024-01-28 17:01:10'),
(54, 22, 41, 0, 428, 105, 1, '2024-01-28 17:01:29'),
(22, 19, 48, 0, 726, 114, 1, '2024-01-28 17:02:22'),
(21, 19, 48, 0, 434, 188, 1, '2024-01-28 17:02:24'),
(47, 18, 52, 0, 468, 266, 1, '2024-01-28 17:02:24'),
(39, 19, 49, 0, 421, 186, 1, '2024-01-28 17:02:50'),
(19, 18, 51, 0, 419, 100, 1, '2024-01-28 17:02:50'),
(28, 17, 54, 0, 422, 52, 1, '2024-01-28 17:04:10'),
(41, 18, 51, 0, 437, 245, 1, '2024-01-28 17:04:24'),
(14, 20, 45, 0, 425, 252, 1, '2024-01-28 17:04:24'),
(35, 19, 50, 0, 429, 142, 2, '2024-01-28 17:04:29'),
(55, 18, 53, 0, 421, 312, 1, '2024-01-28 17:04:39'),
(25, 19, 52, 0, 434, 566, 1, '2024-01-28 17:04:42'),
(27, 19, 50, 0, 457, 340, 0, '2024-01-28 17:04:52'),
(26, 18, 52, 0, 436, 118, 1, '2024-01-28 17:04:58'),
(49, 17, 56, 0, 433, 292, 1, '2024-01-28 17:05:14'),
(50, 25, 41, 0, 444, 148, 1, '2024-01-28 17:05:29'),
(29, 19, 49, 0, 445, 375, 1, '2024-01-28 17:05:53'),
(51, 17, 55, 0, 465, 286, 1, '2024-01-28 17:06:23'),
(52, 21, 44, 0, 480, 62, 0, '2024-01-28 17:06:45'),
(30, 19, 48, 0, 434, 194, 7, '2024-01-28 17:06:48'),
(53, 19, 48, 0, 424, 188, 1, '2024-01-28 17:06:53'),
(46, 18, 50, 0, 424, 192, 2, '2024-01-28 17:06:53'),
(32, 20, 47, 0, 427, 449, 1, '2024-01-28 17:06:54'),
(44, 19, 50, 0, 423, 125, 1, '2024-01-28 17:07:23'),
(34, 19, 46, 0, 1691, 107, 1, '2024-01-28 17:07:24'),
(36, 18, 53, 0, 428, 183, 2, '2024-01-28 17:07:29'),
(33, 18, 51, 0, 440, 179, 1, '2024-01-28 17:07:29'),
(31, 21, 45, 0, 429, 339, 1, '2024-01-28 17:07:40'),
(40, 19, 50, 0, 443, 367, 1, '2024-01-28 17:08:20'),
(56, 18, 52, 0, 428, 168, 1, '2024-01-28 17:08:20'),
(45, 17, 58, 0, 444, 312, 1, '2024-01-28 17:08:23'),
(37, 20, 47, 0, 420, 779, 1, '2024-01-28 17:08:40'),
(38, 19, 49, 0, 423, 343, 1, '2024-01-28 17:08:53'),
(57, 17, 54, 0, 430, 824, 1, '2024-01-28 17:08:54'),
(42, 19, 49, 0, 441, 257, 2, '2024-01-28 17:09:17'),
(58, 19, 49, 0, 426, 85, 1, '2024-01-28 17:09:19'),
(24, 17, 53, 0, 424, 172, 1, '2024-01-28 17:09:24'),
(59, 19, 49, 0, 457, 189, 1, '2024-01-28 17:09:40'),
(18, 25, 34, 0, 402, 79, 1, '2024-01-28 17:09:43'),
(15, 19, 47, 0, 430, 151, 1, '2024-01-28 17:09:48'),
(12, 18, 50, 0, 421, 162, 1, '2024-01-28 17:09:49'),
(17, 19, 47, 0, 428, 178, 2, '2024-01-28 17:09:53'),
(13, 19, 49, 0, 493, 233, 1, '2024-01-28 17:09:53'),
(61, 18, 64, 0, 450, 4, 2, '2024-01-28 17:10:24'),
(20, 18, 53, 0, 451, 103, 1, '2024-01-28 17:10:28'),
(60, 19, 47, 0, 452, 253, 2, '2024-01-28 17:10:29'),
(16, 13, 75, 0, 488, 2339, 0, '2024-01-28 17:10:30'),
(23, 18, 52, 0, 419, 295, 1, '2024-01-28 17:11:10'),
(54, 22, 41, 0, 426, 106, 1, '2024-01-28 17:11:29'),
(22, 19, 48, 0, 728, 115, 1, '2024-01-28 17:12:22'),
(21, 19, 48, 0, 434, 186, 1, '2024-01-28 17:12:23');
INSERT INTO `Donnes` (`idDevice`, `temperature`, `humidity`, `activity`, `co2`, `tvoc`, `illumination`, `time`) VALUES
(47, 18, 52, 0, 477, 266, 1, '2024-01-28 17:12:23'),
(39, 19, 49, 0, 411, 186, 1, '2024-01-28 17:12:49'),
(19, 18, 51, 0, 423, 102, 1, '2024-01-28 17:12:49'),
(28, 17, 54, 0, 420, 53, 1, '2024-01-28 17:14:10'),
(41, 18, 51, 0, 435, 246, 1, '2024-01-28 17:14:23'),
(14, 20, 45, 0, 426, 252, 1, '2024-01-28 17:14:24'),
(35, 19, 50, 0, 420, 140, 2, '2024-01-28 17:14:29'),
(55, 18, 53, 0, 421, 316, 1, '2024-01-28 17:14:39'),
(25, 19, 52, 0, 436, 602, 1, '2024-01-28 17:14:42'),
(27, 19, 50, 0, 452, 336, 1, '2024-01-28 17:14:52'),
(26, 18, 52, 0, 434, 118, 1, '2024-01-28 17:14:58'),
(49, 17, 56, 0, 429, 292, 1, '2024-01-28 17:15:13'),
(50, 25, 36, 0, 444, 110, 1, '2024-01-28 17:15:28'),
(29, 19, 49, 0, 436, 375, 1, '2024-01-28 17:15:54'),
(51, 17, 55, 0, 452, 287, 2, '2024-01-28 17:16:23'),
(52, 21, 44, 0, 477, 62, 0, '2024-01-28 17:16:44'),
(30, 19, 48, 0, 434, 199, 0, '2024-01-28 17:16:49'),
(32, 20, 47, 0, 428, 449, 1, '2024-01-28 17:16:53'),
(53, 19, 48, 0, 422, 188, 1, '2024-01-28 17:16:54'),
(46, 18, 50, 0, 423, 192, 0, '2024-01-28 17:16:54'),
(44, 19, 50, 0, 423, 124, 1, '2024-01-28 17:17:22'),
(34, 19, 46, 0, 1683, 107, 1, '2024-01-28 17:17:24'),
(36, 18, 53, 0, 430, 184, 2, '2024-01-28 17:17:28'),
(33, 18, 51, 0, 442, 179, 2, '2024-01-28 17:17:29'),
(31, 21, 45, 0, 427, 340, 1, '2024-01-28 17:17:39'),
(40, 19, 50, 0, 440, 369, 1, '2024-01-28 17:18:19'),
(56, 18, 52, 0, 424, 168, 1, '2024-01-28 17:18:20'),
(45, 17, 58, 0, 444, 311, 1, '2024-01-28 17:18:24'),
(37, 20, 47, 0, 425, 778, 1, '2024-01-28 17:18:39'),
(38, 19, 49, 0, 426, 342, 1, '2024-01-28 17:18:53'),
(57, 17, 54, 0, 429, 842, 2, '2024-01-28 17:18:54'),
(42, 19, 49, 0, 437, 261, 0, '2024-01-28 17:19:17'),
(58, 19, 49, 0, 431, 87, 1, '2024-01-28 17:19:19'),
(24, 17, 53, 0, 427, 170, 1, '2024-01-28 17:19:23'),
(59, 19, 49, 0, 462, 190, 1, '2024-01-28 17:19:40'),
(18, 25, 34, 0, 401, 77, 1, '2024-01-28 17:19:44'),
(15, 19, 47, 0, 424, 151, 1, '2024-01-28 17:19:48'),
(12, 18, 50, 0, 421, 163, 1, '2024-01-28 17:19:48'),
(17, 19, 47, 0, 427, 183, 0, '2024-01-28 17:19:53'),
(13, 19, 49, 0, 497, 233, 1, '2024-01-28 17:19:54'),
(17, 19, 47, 0, 427, 183, 0, '2024-01-28 17:19:55'),
(61, 18, 64, 0, 448, 7, 2, '2024-01-28 17:20:23'),
(60, 19, 47, 0, 463, 252, 0, '2024-01-28 17:20:29'),
(20, 18, 53, 0, 447, 103, 1, '2024-01-28 17:20:29'),
(16, 13, 75, 0, 495, 2333, 1, '2024-01-28 17:20:29'),
(23, 18, 52, 0, 422, 296, 1, '2024-01-28 17:21:10'),
(54, 22, 41, 0, 424, 104, 1, '2024-01-28 17:21:29'),
(22, 19, 49, 0, 724, 115, 1, '2024-01-28 17:22:22'),
(21, 19, 48, 0, 431, 187, 1, '2024-01-28 17:22:24'),
(47, 18, 52, 0, 467, 264, 1, '2024-01-28 17:22:24'),
(19, 18, 51, 0, 424, 101, 1, '2024-01-28 17:22:49'),
(39, 19, 49, 0, 415, 186, 1, '2024-01-28 17:22:50'),
(28, 17, 54, 0, 415, 53, 1, '2024-01-28 17:24:10'),
(14, 20, 45, 0, 421, 250, 1, '2024-01-28 17:24:23'),
(41, 18, 51, 0, 430, 246, 1, '2024-01-28 17:24:24'),
(48, 18, 52, 0, 437, 115, 1, '2024-01-28 17:24:28'),
(55, 18, 53, 0, 426, 317, 1, '2024-01-28 17:24:39'),
(27, 19, 50, 0, 455, 339, 1, '2024-01-28 17:24:52'),
(25, 19, 53, 0, 430, 610, 1, '2024-01-28 17:24:54'),
(26, 18, 52, 0, 437, 118, 2, '2024-01-28 17:24:58'),
(49, 17, 56, 0, 428, 293, 2, '2024-01-28 17:25:13'),
(29, 19, 49, 0, 437, 373, 1, '2024-01-28 17:25:54'),
(51, 17, 55, 0, 459, 288, 0, '2024-01-28 17:26:24'),
(52, 21, 44, 0, 483, 63, 0, '2024-01-28 17:26:44'),
(30, 19, 48, 0, 434, 199, 1, '2024-01-28 17:26:49'),
(32, 20, 47, 0, 429, 453, 1, '2024-01-28 17:26:53'),
(53, 19, 49, 0, 421, 188, 1, '2024-01-28 17:26:54'),
(46, 18, 50, 0, 423, 193, 0, '2024-01-28 17:26:54'),
(44, 19, 50, 0, 418, 126, 1, '2024-01-28 17:27:23'),
(34, 19, 46, 0, 1683, 106, 1, '2024-01-28 17:27:24'),
(36, 18, 53, 0, 434, 182, 2, '2024-01-28 17:27:29'),
(33, 18, 51, 0, 439, 179, 1, '2024-01-28 17:27:29'),
(31, 20, 45, 0, 426, 340, 1, '2024-01-28 17:27:39'),
(40, 19, 50, 0, 445, 366, 1, '2024-01-28 17:28:19'),
(56, 18, 52, 0, 432, 169, 1, '2024-01-28 17:28:19'),
(45, 17, 59, 0, 444, 311, 1, '2024-01-28 17:28:23'),
(37, 20, 47, 0, 426, 779, 1, '2024-01-28 17:28:39'),
(38, 19, 49, 0, 424, 343, 1, '2024-01-28 17:28:52'),
(57, 17, 54, 0, 428, 841, 0, '2024-01-28 17:28:53'),
(42, 19, 49, 0, 441, 261, 0, '2024-01-28 17:29:17'),
(58, 19, 49, 0, 423, 85, 1, '2024-01-28 17:29:20'),
(24, 16, 53, 0, 422, 171, 1, '2024-01-28 17:29:23'),
(59, 19, 49, 0, 461, 191, 1, '2024-01-28 17:29:41'),
(18, 25, 34, 0, 402, 80, 1, '2024-01-28 17:29:44'),
(15, 19, 47, 0, 431, 152, 1, '2024-01-28 17:29:49'),
(12, 18, 50, 0, 421, 164, 1, '2024-01-28 17:29:49'),
(17, 19, 47, 0, 430, 178, 0, '2024-01-28 17:29:54'),
(13, 19, 49, 0, 494, 233, 1, '2024-01-28 17:29:54'),
(17, 19, 47, 0, 430, 178, 0, '2024-01-28 17:29:56'),
(61, 18, 64, 0, 453, 6, 0, '2024-01-28 17:30:24'),
(16, 13, 75, 0, 494, 2338, 1, '2024-01-28 17:30:29'),
(23, 18, 52, 0, 418, 298, 1, '2024-01-28 17:31:10'),
(54, 22, 41, 0, 425, 104, 1, '2024-01-28 17:31:29'),
(22, 19, 49, 0, 722, 114, 1, '2024-01-28 17:32:22'),
(21, 19, 48, 0, 433, 188, 1, '2024-01-28 17:32:24'),
(47, 18, 52, 0, 470, 266, 1, '2024-01-28 17:32:24'),
(39, 19, 49, 0, 417, 186, 1, '2024-01-28 17:32:50'),
(19, 18, 52, 0, 424, 103, 1, '2024-01-28 17:32:50'),
(28, 17, 54, 0, 415, 54, 1, '2024-01-28 17:34:10'),
(41, 18, 51, 0, 434, 244, 1, '2024-01-28 17:34:24'),
(14, 20, 45, 0, 427, 250, 2, '2024-01-28 17:34:24'),
(35, 19, 50, 0, 423, 143, 2, '2024-01-28 17:34:29'),
(55, 18, 53, 0, 420, 317, 1, '2024-01-28 17:34:40'),
(27, 19, 50, 0, 455, 338, 1, '2024-01-28 17:34:52'),
(25, 19, 53, 0, 433, 594, 1, '2024-01-28 17:34:53'),
(26, 18, 52, 0, 433, 118, 1, '2024-01-28 17:34:58'),
(49, 17, 56, 0, 433, 295, 1, '2024-01-28 17:35:14'),
(50, 25, 40, 0, 441, 138, 1, '2024-01-28 17:35:29'),
(29, 19, 49, 0, 438, 372, 1, '2024-01-28 17:35:53'),
(51, 17, 55, 0, 466, 287, 0, '2024-01-28 17:36:23'),
(52, 21, 44, 0, 486, 64, 0, '2024-01-28 17:36:45'),
(30, 19, 48, 0, 433, 198, 1, '2024-01-28 17:36:48'),
(53, 19, 49, 0, 424, 188, 1, '2024-01-28 17:36:53'),
(46, 18, 50, 0, 420, 192, 0, '2024-01-28 17:36:53'),
(32, 20, 47, 0, 432, 456, 1, '2024-01-28 17:36:54'),
(44, 19, 50, 0, 422, 127, 1, '2024-01-28 17:37:23'),
(34, 19, 46, 0, 1679, 108, 1, '2024-01-28 17:37:24'),
(36, 18, 53, 0, 432, 184, 2, '2024-01-28 17:37:29'),
(33, 18, 51, 0, 443, 178, 1, '2024-01-28 17:37:29'),
(31, 20, 45, 0, 424, 339, 1, '2024-01-28 17:37:40'),
(40, 19, 50, 0, 444, 366, 1, '2024-01-28 17:38:20'),
(56, 18, 52, 0, 416, 169, 1, '2024-01-28 17:38:20'),
(45, 17, 59, 0, 443, 312, 1, '2024-01-28 17:38:23'),
(37, 20, 47, 0, 420, 787, 1, '2024-01-28 17:38:39'),
(38, 19, 49, 0, 422, 342, 1, '2024-01-28 17:38:52'),
(57, 17, 54, 0, 434, 840, 0, '2024-01-28 17:38:54'),
(42, 19, 49, 0, 437, 264, 0, '2024-01-28 17:39:17'),
(58, 19, 49, 0, 430, 86, 1, '2024-01-28 17:39:20'),
(24, 16, 53, 0, 423, 171, 1, '2024-01-28 17:39:24'),
(59, 19, 49, 0, 462, 188, 1, '2024-01-28 17:39:40'),
(18, 25, 34, 0, 400, 77, 1, '2024-01-28 17:39:43'),
(15, 19, 47, 0, 427, 149, 1, '2024-01-28 17:39:49'),
(12, 18, 50, 0, 421, 164, 1, '2024-01-28 17:39:49'),
(17, 19, 47, 0, 423, 187, 0, '2024-01-28 17:39:53'),
(13, 19, 49, 0, 484, 232, 1, '2024-01-28 17:39:53'),
(61, 18, 64, 0, 452, 6, 0, '2024-01-28 17:40:24'),
(20, 18, 53, 0, 444, 104, 1, '2024-01-28 17:40:28'),
(60, 19, 47, 0, 456, 253, 0, '2024-01-28 17:40:29'),
(16, 13, 76, 0, 493, 2359, 1, '2024-01-28 17:40:30'),
(23, 18, 53, 0, 419, 299, 1, '2024-01-28 17:41:09'),
(54, 22, 41, 0, 424, 104, 1, '2024-01-28 17:41:29'),
(22, 19, 49, 0, 721, 115, 1, '2024-01-28 17:42:22'),
(21, 19, 48, 0, 436, 188, 1, '2024-01-28 17:42:23'),
(47, 18, 52, 0, 469, 266, 1, '2024-01-28 17:42:24'),
(39, 19, 49, 0, 414, 187, 1, '2024-01-28 17:42:49'),
(19, 18, 52, 0, 424, 104, 1, '2024-01-28 17:42:50'),
(28, 17, 54, 0, 416, 53, 1, '2024-01-28 17:44:10'),
(41, 18, 51, 0, 431, 246, 1, '2024-01-28 17:44:24'),
(14, 20, 45, 0, 429, 248, 1, '2024-01-28 17:44:24'),
(35, 18, 50, 0, 424, 142, 2, '2024-01-28 17:44:29'),
(48, 18, 52, 0, 434, 115, 1, '2024-01-28 17:44:29'),
(55, 18, 53, 0, 424, 316, 1, '2024-01-28 17:44:39'),
(27, 19, 50, 0, 456, 338, 1, '2024-01-28 17:44:52'),
(25, 19, 53, 0, 434, 621, 1, '2024-01-28 17:44:54'),
(26, 18, 52, 0, 441, 118, 1, '2024-01-28 17:44:58'),
(49, 17, 56, 0, 434, 295, 2, '2024-01-28 17:45:13'),
(50, 25, 41, 0, 441, 155, 1, '2024-01-28 17:45:29'),
(29, 19, 49, 0, 438, 374, 1, '2024-01-28 17:45:54'),
(51, 17, 55, 0, 453, 289, 0, '2024-01-28 17:46:23'),
(52, 21, 44, 0, 483, 63, 0, '2024-01-28 17:46:44'),
(30, 19, 48, 0, 433, 202, 1, '2024-01-28 17:46:49'),
(32, 20, 48, 0, 430, 461, 1, '2024-01-28 17:46:53'),
(53, 19, 49, 0, 424, 189, 1, '2024-01-28 17:46:54'),
(46, 18, 50, 0, 425, 193, 0, '2024-01-28 17:46:54'),
(44, 19, 50, 0, 426, 127, 1, '2024-01-28 17:47:23'),
(34, 19, 46, 0, 1685, 107, 1, '2024-01-28 17:47:24'),
(36, 18, 53, 0, 430, 185, 2, '2024-01-28 17:47:29'),
(33, 18, 51, 0, 443, 178, 2, '2024-01-28 17:47:29'),
(31, 20, 45, 0, 427, 339, 1, '2024-01-28 17:47:40'),
(40, 19, 50, 0, 444, 367, 1, '2024-01-28 17:48:19'),
(56, 18, 53, 0, 425, 170, 1, '2024-01-28 17:48:20'),
(45, 17, 59, 0, 444, 312, 1, '2024-01-28 17:48:23'),
(37, 20, 47, 0, 421, 787, 1, '2024-01-28 17:48:40'),
(38, 19, 49, 0, 429, 343, 1, '2024-01-28 17:48:53'),
(57, 17, 54, 0, 423, 840, 0, '2024-01-28 17:48:54'),
(42, 19, 49, 0, 437, 265, 0, '2024-01-28 17:49:17'),
(58, 19, 49, 0, 427, 85, 1, '2024-01-28 17:49:19'),
(24, 16, 53, 0, 423, 172, 1, '2024-01-28 17:49:24'),
(59, 19, 49, 0, 454, 189, 1, '2024-01-28 17:49:40'),
(18, 25, 34, 0, 398, 79, 1, '2024-01-28 17:49:44'),
(15, 19, 47, 0, 433, 151, 1, '2024-01-28 17:49:48'),
(12, 18, 50, 0, 421, 165, 1, '2024-01-28 17:49:49'),
(17, 19, 48, 0, 427, 184, 0, '2024-01-28 17:49:53'),
(13, 19, 49, 0, 492, 232, 1, '2024-01-28 17:49:54'),
(17, 19, 48, 0, 427, 184, 0, '2024-01-28 17:49:55'),
(61, 18, 64, 0, 453, 7, 2, '2024-01-28 17:50:23'),
(60, 19, 47, 0, 458, 254, 0, '2024-01-28 17:50:29'),
(20, 18, 53, 0, 455, 104, 1, '2024-01-28 17:50:29'),
(16, 13, 76, 0, 498, 2398, 1, '2024-01-28 17:50:29');

--
-- Index pour les tables déchargées
--

--
-- Index pour la table `Battery`
--
ALTER TABLE `Battery`
  ADD KEY `Battery_fk_deviceId` (`deviceId`);

--
-- Index pour la table `Device`
--
ALTER TABLE `Device`
  ADD PRIMARY KEY (`id`);

--
-- Index pour la table `Donnes`
--
ALTER TABLE `Donnes`
  ADD KEY `Donnes_fk_idDevice` (`idDevice`);

--
-- AUTO_INCREMENT pour les tables déchargées
--

--
-- AUTO_INCREMENT pour la table `Device`
--
ALTER TABLE `Device`
  MODIFY `id` int NOT NULL AUTO_INCREMENT, AUTO_INCREMENT=62;

--
-- Contraintes pour les tables déchargées
--

--
-- Contraintes pour la table `Battery`
--
ALTER TABLE `Battery`
  ADD CONSTRAINT `Battery_fk_deviceId` FOREIGN KEY (`deviceId`) REFERENCES `Device` (`id`);

--
-- Contraintes pour la table `Donnes`
--
ALTER TABLE `Donnes`
  ADD CONSTRAINT `Donnes_fk_idDevice` FOREIGN KEY (`idDevice`) REFERENCES `Device` (`id`);
COMMIT;

/*!40101 SET CHARACTER_SET_CLIENT=@OLD_CHARACTER_SET_CLIENT */;
/*!40101 SET CHARACTER_SET_RESULTS=@OLD_CHARACTER_SET_RESULTS */;
/*!40101 SET COLLATION_CONNECTION=@OLD_COLLATION_CONNECTION */;
